superframe,O-DR,O-DL,O-E,O-M,I-DL,I-DR,I-E,I-T1,I-T2,I-T3,Label,raw_photosensor_door,raw_photosensor_endpos
0,-77,-76,-80,-100,-66,-77,-54,-62,-64,-73,2,0,0
1,-77,-76,-80,-87,-66,-76,-54,-62,-64,-71,2,0,0
2,-78,-75,-80,-100,-66,-76,-53,-62,-64,-72,2,0,0
4,-77,-75,-82,-88,-66,-74,-54,-62,-64,-72,2,0,0
5,-77,-75,-81,-100,-67,-74,-54,-63,-63,-71,2,0,0
6,-78,-76,-81,-100,-67,-74,-53,-62,-64,-73,2,0,0
7,-77,-76,-81,-100,-68,-75,-54,-62,-64,-72,2,0,0
8,-77,-76,-82,-90,-67,-74,-54,-62,-64,-72,2,0,0
9,-77,-77,-80,-87,-67,-73,-53,-62,-64,-72,2,0,0
10,-76,-76,-80,-100,-67,-73,-53,-62,-64,-73,2,0,0
11,-77,-76,-80,-100,-68,-74,-54,-62,-64,-72,2,0,0
12,-77,-76,-81,-100,-68,-75,-53,-62,-64,-73,2,0,0
13,-77,-76,-80,-89,-66,-75,-54,-62,-64,-72,2,0,0
14,-78,-76,-80,-100,-68,-76,-54,-62,-63,-72,2,0,0
15,-78,-76,-81,-88,-68,-75,-54,-62,-63,-72,2,0,0
16,-78,-76,-81,-100,-66,-75,-53,-62,-64,-72,2,0,0
17,-78,-76,-81,-100,-68,-74,-53,-62,-64,-73,2,0,0
18,-77,-75,-81,-100,-67,-74,-54,-62,-64,-72,2,0,0
19,-78,-77,-80,-100,-67,-74,-54,-62,-63,-72,2,0,0
20,-78,-77,-79,-100,-66,-73,-53,-62,-64,-72,2,0,0
21,-79,-77,-80,-100,-66,-73,-54,-62,-63,-72,2,0,0
22,-100,-100,-100,-100,-100,-100,-54,-63,-63,-72,2,0,0
23,-79,-77,-80,-100,-67,-74,-53,-62,-64,-72,2,0,0
24,-78,-76,-79,-100,-67,-74,-54,-62,-64,-72,2,0,0
25,-77,-76,-81,-100,-67,-74,-54,-62,-64,-72,2,0,0
26,-77,-76,-79,-100,-68,-76,-54,-62,-64,-72,2,0,0
27,-77,-77,-79,-100,-68,-74,-53,-62,-63,-73,2,0,0
28,-77,-76,-79,-100,-67,-76,-54,-62,-64,-72,2,0,0
29,-78,-76,-80,-100,-68,-74,-54,-61,-63,-72,2,0,0
30,-78,-76,-79,-100,-68,-75,-54,-62,-64,-72,2,0,0
31,-78,-75,-79,-100,-68,-74,-53,-62,-64,-73,2,0,0
32,-78,-76,-79,-100,-67,-75,-54,-62,-63,-71,2,0,0
33,-77,-76,-79,-100,-67,-75,-53,-62,-63,-72,2,0,0
34,-77,-77,-79,-100,-67,-75,-54,-62,-63,-73,2,0,0
35,-78,-76,-80,-100,-67,-75,-54,-62,-64,-71,2,0,0
36,-78,-76,-79,-100,-67,-76,-54,-62,-63,-72,2,0,0
37,-78,-76,-79,-100,-67,-76,-53,-62,-63,-72,2,0,0
38,-78,-76,-80,-100,-67,-76,-54,-62,-63,-72,2,0,0
39,-79,-77,-80,-86,-66,-73,-54,-62,-63,-72,2,0,0
40,-79,-77,-81,-100,-67,-75,-54,-62,-63,-72,2,0,0
41,-79,-77,-79,-100,-67,-76,-53,-62,-64,-71,2,0,0
42,-79,-78,-80,-100,-66,-75,-54,-62,-63,-71,2,0,0
43,-79,-77,-79,-87,-67,-75,-53,-62,-63,-71,2,0,0
44,-78,-78,-79,-100,-67,-74,-53,-62,-63,-72,2,0,0
45,-77,-77,-79,-86,-66,-75,-54,-62,-64,-72,2,0,0
46,-76,-77,-79,-100,-66,-73,-54,-62,-63,-72,2,0,0
47,-77,-77,-79,-87,-66,-76,-54,-62,-64,-72,2,0,0
48,-79,-79,-80,-100,-66,-74,-53,-62,-63,-73,2,0,0
49,-77,-78,-80,-100,-67,-76,-54,-62,-64,-71,2,0,0
50,-77,-77,-81,-100,-67,-74,-53,-62,-63,-71,2,0,0
51,-78,-79,-80,-100,-66,-75,-54,-62,-64,-100,2,0,0
52,-78,-78,-81,-100,-66,-76,-53,-62,-64,-72,2,0,0
53,-78,-79,-81,-100,-67,-75,-55,-62,-64,-73,2,0,0
54,-78,-77,-81,-100,-66,-75,-53,-62,-64,-73,2,0,0
55,-78,-77,-80,-100,-67,-74,-54,-62,-64,-72,2,0,0
56,-77,-77,-81,-100,-67,-74,-54,-62,-64,-72,2,0,0
57,-79,-78,-79,-100,-67,-75,-54,-62,-63,-72,2,0,0
58,-78,-77,-79,-100,-66,-76,-53,-63,-63,-72,2,0,0
59,-78,-76,-81,-100,-66,-74,-53,-62,-63,-72,2,0,0
60,-78,-76,-79,-100,-67,-74,-54,-62,-63,-71,2,0,0
61,-79,-76,-79,-100,-66,-74,-54,-62,-63,-72,2,0,0
62,-78,-76,-79,-100,-66,-75,-54,-62,-64,-72,2,0,0
63,-79,-75,-80,-100,-66,-74,-53,-62,-63,-72,2,0,0
64,-78,-77,-77,-100,-67,-75,-54,-62,-63,-71,2,0,0
65,-78,-76,-79,-100,-67,-75,-53,-62,-63,-73,2,0,0
66,-78,-75,-80,-89,-67,-74,-54,-62,-63,-70,2,0,0
67,-78,-75,-81,-100,-67,-73,-53,-62,-63,-71,2,0,0
68,-78,-76,-79,-100,-67,-73,-53,-61,-63,-73,2,0,0
69,-100,-100,-100,-100,-100,-73,-53,-62,-63,-71,2,0,0
70,-78,-77,-79,-100,-66,-73,-54,-62,-63,-72,2,0,0
71,-79,-76,-80,-100,-66,-72,-53,-62,-63,-72,2,0,0
72,-78,-77,-80,-100,-67,-72,-54,-62,-63,-72,2,0,0
73,-78,-76,-80,-100,-66,-74,-54,-62,-63,-72,2,0,0
74,-79,-77,-79,-100,-66,-73,-54,-62,-63,-73,2,0,0
75,-78,-77,-79,-100,-66,-74,-53,-62,-63,-72,2,0,0
76,-77,-77,-79,-100,-65,-72,-54,-62,-63,-71,2,0,0
77,-77,-77,-78,-100,-66,-72,-54,-62,-63,-71,2,0,0
78,-78,-77,-78,-90,-66,-72,-54,-62,-63,-72,2,0,0
79,-77,-77,-77,-100,-66,-74,-54,-62,-64,-71,2,0,0
80,-77,-79,-79,-88,-66,-73,-53,-61,-63,-71,2,0,0
81,-77,-80,-79,-100,-66,-74,-54,-62,-63,-71,2,0,0
82,-78,-80,-80,-100,-67,-73,-54,-62,-63,-73,2,0,0
83,-77,-79,-79,-88,-67,-74,-53,-62,-63,-70,2,0,0
84,-78,-81,-80,-100,-66,-75,-53,-61,-63,-71,2,0,0
85,-77,-83,-79,-100,-66,-73,-53,-61,-64,-72,2,0,0
86,-78,-82,-80,-100,-67,-75,-53,-62,-63,-71,2,0,0
87,-78,-84,-78,-100,-67,-77,-54,-62,-63,-71,2,0,0
88,-78,-81,-79,-100,-65,-74,-52,-62,-63,-71,2,0,0
89,-77,-80,-79,-88,-66,-75,-53,-62,-64,-71,2,0,0
90,-77,-80,-78,-89,-67,-74,-53,-62,-64,-71,2,0,0
91,-78,-80,-79,-100,-66,-73,-54,-61,-64,-72,2,0,0
92,-78,-80,-78,-100,-66,-74,-53,-62,-64,-71,2,0,0
93,-77,-80,-78,-100,-66,-74,-53,-62,-64,-69,2,0,0
94,-78,-79,-81,-83,-66,-74,-54,-63,-63,-71,2,0,0
95,-77,-78,-78,-88,-66,-74,-53,-62,-64,-71,2,0,0
96,-77,-79,-79,-100,-67,-74,-54,-63,-65,-72,2,0,0
97,-78,-79,-78,-100,-66,-73,-53,-62,-64,-71,2,0,0
98,-100,-100,-100,-100,-65,-100,-53,-62,-64,-71,2,0,0
99,-77,-79,-80,-89,-66,-75,-53,-62,-64,-73,2,0,0
100,-77,-81,-77,-100,-66,-73,-54,-100,-63,-71,2,0,0
101,-78,-80,-79,-100,-67,-72,-53,-62,-63,-71,2,0,0
102,-78,-81,-79,-100,-66,-72,-53,-62,-63,-71,2,0,0
103,-78,-78,-81,-100,-67,-72,-52,-62,-63,-71,2,0,0
104,-78,-80,-79,-100,-67,-73,-54,-62,-63,-70,2,0,0
105,-77,-80,-79,-100,-65,-73,-53,-62,-64,-70,2,0,0
106,-77,-79,-79,-100,-66,-74,-53,-62,-64,-71,2,0,0
107,-77,-78,-78,-88,-66,-75,-53,-63,-64,-70,2,0,0
108,-77,-78,-79,-100,-66,-76,-54,-62,-64,-71,2,0,0
109,-100,-100,-100,-100,-100,-100,-52,-62,-63,-71,2,0,0
110,-78,-79,-79,-100,-66,-76,-54,-63,-64,-71,2,0,0
111,-78,-80,-79,-85,-66,-74,-54,-63,-63,-71,2,0,0
112,-78,-81,-79,-85,-66,-74,-53,-62,-64,-73,2,0,0
113,-77,-81,-79,-85,-66,-74,-54,-63,-64,-71,2,0,0
114,-78,-81,-79,-100,-66,-73,-53,-62,-63,-71,2,0,0
115,-79,-82,-79,-85,-66,-75,-53,-64,-63,-71,2,0,0
116,-79,-79,-80,-85,-66,-74,-53,-62,-65,-72,2,0,0
117,-78,-77,-79,-84,-66,-76,-54,-62,-64,-71,2,0,0
118,-78,-78,-80,-100,-65,-74,-53,-62,-64,-71,2,0,0
119,-78,-79,-79,-100,-64,-75,-53,-62,-65,-71,2,0,0
120,-78,-78,-80,-88,-65,-75,-53,-62,-64,-71,2,0,0
121,-77,-77,-80,-100,-65,-74,-54,-63,-65,-70,2,0,0
122,-78,-78,-79,-100,-64,-75,-53,-62,-65,-70,2,0,0
123,-78,-78,-80,-100,-64,-76,-53,-62,-64,-72,2,0,0
124,-79,-76,-81,-100,-66,-76,-53,-63,-64,-71,2,0,0
125,-79,-76,-81,-87,-66,-76,-54,-62,-64,-71,2,0,0
126,-78,-76,-80,-88,-66,-75,-53,-63,-64,-72,2,0,0
127,-100,-100,-100,-100,-100,-100,-54,-100,-100,-72,2,0,0
128,-78,-77,-81,-100,-66,-73,-54,-63,-65,-73,2,0,0
129,-79,-78,-81,-100,-65,-73,-54,-63,-65,-73,2,0,0
130,-78,-77,-81,-100,-65,-74,-53,-63,-66,-73,2,0,0
131,-78,-76,-81,-100,-66,-74,-52,-62,-66,-72,2,0,0
132,-78,-76,-81,-100,-65,-75,-53,-63,-65,-72,2,0,0
133,-78,-76,-84,-88,-66,-74,-53,-62,-64,-73,2,0,0
134,-79,-77,-82,-86,-67,-75,-54,-63,-65,-72,2,0,0
135,-80,-78,-100,-86,-66,-73,-52,-62,-64,-73,2,0,0
136,-79,-78,-82,-100,-65,-74,-53,-62,-64,-75,2,0,0
137,-79,-78,-78,-100,-65,-74,-53,-62,-64,-75,2,0,0
138,-79,-79,-80,-100,-65,-77,-53,-62,-64,-71,2,0,0
139,-79,-76,-81,-86,-67,-74,-52,-62,-64,-74,2,0,0
140,-78,-76,-78,-100,-66,-75,-53,-61,-64,-73,2,0,0
141,-79,-75,-80,-100,-67,-76,-53,-62,-64,-71,2,0,0
142,-81,-75,-81,-100,-67,-75,-54,-61,-64,-73,2,0,0
143,-81,-76,-83,-100,-66,-74,-52,-62,-64,-71,2,0,0
144,-78,-74,-80,-100,-66,-74,-53,-61,-64,-71,2,0,0
145,-78,-72,-84,-100,-67,-74,-54,-62,-64,-71,2,0,0
146,-81,-73,-84,-87,-68,-78,-54,-62,-64,-72,2,0,0
147,-79,-73,-80,-85,-67,-79,-53,-62,-64,-73,2,0,0
148,-77,-73,-83,-100,-67,-74,-53,-61,-64,-73,2,0,0
149,-79,-76,-84,-88,-67,-74,-53,-62,-64,-73,2,0,0
150,-78,-76,-84,-100,-67,-75,-54,-62,-64,-76,2,0,0
151,-79,-75,-83,-100,-67,-74,-54,-62,-63,-73,2,0,0
152,-78,-74,-84,-100,-66,-72,-53,-62,-64,-72,2,0,0
153,-77,-75,-79,-100,-66,-73,-53,-62,-64,-73,2,0,0
154,-78,-74,-81,-100,-67,-74,-53,-62,-64,-73,2,0,0
155,-77,-75,-82,-100,-67,-75,-54,-62,-64,-71,2,0,0
156,-100,-100,-100,-100,-100,-100,-53,-62,-64,-100,2,0,0
157,-78,-75,-81,-100,-67,-75,-54,-62,-64,-73,2,0,0
158,-79,-75,-81,-100,-67,-74,-53,-63,-64,-73,2,0,0
159,-78,-75,-83,-100,-66,-76,-54,-62,-64,-71,2,0,0
160,-79,-74,-83,-100,-66,-74,-53,-62,-64,-72,2,0,0
161,-77,-74,-83,-100,-66,-76,-53,-62,-64,-73,2,0,0
162,-77,-74,-85,-100,-66,-76,-54,-62,-64,-73,2,0,0
163,-77,-74,-83,-100,-66,-74,-54,-62,-64,-75,2,0,0
164,-100,-100,-100,-100,-66,-100,-52,-62,-65,-73,2,0,0
165,-78,-75,-83,-100,-67,-74,-53,-62,-64,-72,2,0,0
166,-78,-74,-83,-100,-67,-74,-54,-62,-64,-73,2,0,0
167,-79,-75,-82,-100,-67,-74,-53,-62,-64,-74,2,0,0
168,-77,-75,-83,-100,-66,-77,-54,-62,-65,-75,2,0,0
169,-79,-76,-83,-100,-67,-75,-53,-62,-64,-72,2,0,0
170,-77,-74,-82,-100,-67,-75,-53,-62,-65,-72,2,0,0
171,-77,-75,-82,-89,-67,-74,-53,-62,-64,-74,2,0,0
172,-77,-75,-82,-100,-67,-75,-54,-62,-65,-72,2,0,0
173,-77,-75,-82,-100,-67,-76,-53,-61,-64,-73,2,0,0
174,-100,-100,-100,-100,-67,-76,-53,-62,-64,-73,2,0,0
175,-78,-100,-81,-100,-67,-76,-53,-62,-64,-73,2,0,0
176,-78,-75,-81,-100,-67,-76,-54,-62,-64,-72,2,0,0
177,-78,-75,-82,-100,-67,-75,-53,-62,-64,-73,2,0,0
178,-75,-74,-82,-100,-66,-75,-53,-62,-64,-73,2,0,0
179,-77,-75,-81,-85,-66,-74,-53,-62,-65,-74,2,0,0
180,-77,-75,-81,-88,-66,-74,-54,-61,-64,-73,2,0,0
181,-77,-74,-82,-86,-67,-74,-53,-62,-64,-74,2,0,0
182,-77,-75,-82,-100,-66,-73,-54,-62,-64,-74,2,0,0
183,-78,-75,-82,-87,-66,-74,-54,-62,-64,-75,2,0,0
184,-77,-75,-81,-100,-66,-73,-53,-62,-64,-74,2,0,0
185,-77,-75,-82,-100,-67,-75,-53,-62,-64,-73,2,0,0
186,-77,-75,-84,-89,-66,-73,-53,-62,-64,-73,2,0,0
187,-78,-74,-82,-100,-66,-76,-53,-61,-64,-74,2,0,0
188,-77,-74,-82,-100,-66,-76,-53,-62,-64,-76,2,0,0
189,-76,-74,-82,-100,-66,-80,-54,-62,-64,-74,2,0,0
190,-77,-74,-82,-100,-66,-76,-53,-61,-64,-75,2,0,0
191,-77,-75,-82,-100,-66,-77,-53,-62,-64,-75,2,0,0
192,-77,-74,-84,-87,-67,-74,-53,-62,-64,-75,2,0,0
193,-77,-76,-82,-100,-67,-72,-54,-62,-64,-72,2,0,0
194,-78,-76,-83,-100,-66,-71,-53,-62,-64,-73,2,0,0
195,-78,-75,-83,-100,-66,-72,-53,-61,-64,-73,2,0,0
196,-77,-74,-82,-100,-65,-74,-53,-61,-65,-73,2,0,0
197,-77,-73,-82,-100,-66,-74,-54,-61,-64,-73,2,0,0
198,-78,-74,-81,-100,-66,-74,-53,-62,-64,-73,2,0,0
199,-79,-74,-83,-100,-66,-73,-54,-62,-64,-74,2,0,0
200,-78,-73,-83,-100,-66,-72,-54,-62,-64,-73,2,0,0
201,-79,-74,-81,-100,-65,-75,-54,-62,-64,-74,2,0,0
202,-79,-74,-81,-100,-65,-75,-53,-62,-64,-73,2,0,0
203,-100,-100,-100,-100,-65,-73,-53,-62,-64,-72,2,0,0
204,-77,-74,-82,-100,-64,-73,-53,-62,-65,-72,2,0,0
205,-78,-74,-83,-100,-65,-72,-53,-62,-64,-74,2,0,0
206,-77,-74,-82,-100,-65,-72,-54,-62,-65,-74,2,0,0
207,-100,-73,-84,-100,-65,-72,-53,-61,-64,-73,2,0,0
208,-77,-74,-84,-100,-65,-73,-54,-62,-64,-73,2,0,0
209,-77,-74,-100,-100,-65,-72,-53,-61,-64,-74,2,0,0
210,-77,-73,-85,-100,-65,-74,-53,-62,-64,-73,2,0,0
211,-77,-74,-86,-100,-65,-73,-53,-61,-64,-73,2,0,0
212,-77,-74,-85,-100,-65,-74,-53,-61,-64,-74,2,0,0
213,-78,-73,-85,-86,-65,-74,-53,-62,-64,-73,2,0,0
214,-78,-73,-85,-88,-65,-74,-54,-61,-64,-73,2,0,0
215,-78,-73,-84,-100,-65,-74,-53,-62,-64,-74,2,0,0
216,-78,-73,-84,-87,-65,-74,-53,-62,-64,-73,2,0,0
217,-77,-73,-84,-87,-65,-74,-54,-62,-64,-72,2,0,0
218,-78,-74,-84,-87,-65,-74,-54,-62,-64,-73,2,0,0
219,-77,-74,-84,-87,-66,-74,-52,-62,-64,-73,2,0,0
220,-77,-74,-85,-100,-65,-73,-53,-62,-65,-72,2,0,0
221,-78,-74,-84,-100,-65,-74,-53,-62,-64,-72,2,0,0
222,-78,-74,-84,-100,-65,-73,-53,-62,-64,-73,2,0,0
223,-77,-74,-85,-86,-65,-74,-53,-62,-65,-73,2,0,0
224,-78,-74,-85,-88,-65,-73,-53,-61,-64,-72,2,0,0
225,-77,-74,-84,-100,-66,-74,-53,-62,-65,-73,2,0,0
226,-78,-73,-84,-87,-66,-74,-53,-62,-64,-74,2,0,0
227,-77,-74,-84,-87,-66,-75,-53,-61,-64,-72,2,0,0
228,-77,-73,-84,-100,-66,-74,-53,-61,-64,-73,2,0,0
229,-77,-74,-84,-100,-66,-75,-53,-61,-64,-75,2,0,0
230,-78,-73,-84,-86,-66,-74,-53,-62,-64,-73,2,0,0
231,-78,-73,-84,-100,-66,-74,-54,-61,-64,-73,2,0,0
232,-78,-73,-84,-87,-65,-74,-52,-61,-64,-73,2,0,0
233,-78,-74,-84,-100,-65,-74,-53,-61,-64,-74,2,0,0
234,-78,-73,-85,-100,-65,-74,-54,-62,-64,-72,2,0,0
235,-78,-73,-84,-100,-65,-74,-54,-62,-64,-74,2,0,0
236,-78,-74,-84,-88,-66,-74,-52,-62,-64,-74,2,0,0
237,-78,-74,-85,-88,-66,-73,-53,-61,-64,-72,2,0,0
238,-78,-74,-84,-100,-66,-74,-54,-62,-64,-72,2,0,0
239,-78,-74,-84,-100,-65,-74,-53,-61,-64,-74,2,0,0
240,-78,-74,-84,-86,-66,-75,-53,-61,-65,-73,2,0,0
241,-78,-74,-85,-88,-66,-74,-53,-61,-64,-73,2,0,0
242,-78,-74,-85,-100,-66,-75,-53,-62,-64,-73,2,0,0
243,-78,-74,-85,-100,-66,-75,-53,-61,-64,-75,2,0,0
244,-77,-74,-83,-100,-66,-75,-53,-61,-64,-74,2,0,0
245,-77,-73,-86,-100,-65,-74,-53,-61,-64,-74,2,0,0
246,-77,-73,-85,-100,-66,-74,-53,-61,-64,-75,2,0,0
247,-78,-74,-100,-100,-66,-74,-53,-61,-64,-74,2,0,0
248,-77,-74,-87,-100,-65,-76,-54,-61,-64,-73,2,0,0
249,-78,-74,-84,-87,-65,-75,-53,-62,-64,-73,2,0,0
250,-77,-73,-80,-100,-66,-73,-53,-61,-64,-74,2,0,0
251,-78,-73,-83,-87,-66,-76,-54,-62,-64,-73,2,0,0
252,-80,-73,-84,-100,-65,-76,-54,-61,-64,-74,2,0,0
253,-80,-73,-84,-100,-66,-75,-53,-62,-64,-73,2,0,0
254,-80,-73,-88,-87,-66,-75,-54,-62,-64,-73,2,0,0
255,-79,-73,-84,-87,-66,-74,-54,-62,-64,-73,2,0,0
256,-79,-72,-81,-100,-67,-74,-54,-62,-64,-74,2,0,0
257,-77,-73,-86,-100,-67,-74,-54,-62,-64,-74,2,0,0
258,-78,-74,-82,-85,-66,-75,-53,-62,-64,-74,2,0,0
259,-79,-74,-81,-87,-65,-76,-54,-62,-63,-74,2,0,0
260,-81,-75,-80,-88,-66,-77,-53,-62,-64,-74,2,0,0
261,-79,-74,-80,-91,-67,-77,-54,-62,-64,-72,2,0,0
262,-79,-74,-83,-100,-67,-75,-53,-62,-63,-73,2,0,0
263,-77,-74,-100,-100,-67,-75,-53,-61,-64,-73,2,0,0
264,-77,-73,-100,-100,-69,-76,-53,-61,-100,-73,2,0,0
265,-78,-74,-84,-100,-67,-76,-54,-62,-64,-72,2,0,0
266,-78,-74,-83,-100,-66,-77,-53,-61,-63,-72,2,0,0
267,-79,-73,-83,-100,-65,-76,-53,-62,-64,-76,2,0,0
268,-77,-72,-83,-100,-66,-75,-53,-62,-64,-74,2,0,0
269,-77,-72,-80,-100,-67,-100,-54,-62,-64,-74,2,0,0
270,-78,-72,-83,-100,-68,-78,-52,-62,-65,-73,2,0,0
271,-78,-73,-84,-90,-67,-75,-54,-62,-64,-73,2,0,0
272,-78,-72,-83,-100,-68,-78,-54,-62,-63,-72,2,0,0
273,-80,-74,-82,-100,-67,-100,-53,-62,-63,-72,2,0,0
274,-80,-73,-82,-100,-67,-75,-53,-62,-64,-73,2,0,0
275,-78,-73,-84,-100,-66,-74,-53,-62,-64,-70,2,0,0
276,-77,-74,-79,-100,-68,-77,-53,-62,-64,-72,2,0,0
277,-78,-74,-82,-100,-68,-76,-53,-61,-65,-74,2,0,0
278,-77,-73,-84,-100,-67,-79,-54,-62,-64,-73,2,0,0
279,-78,-72,-83,-100,-67,-77,-54,-61,-64,-73,2,0,0
280,-80,-73,-83,-100,-67,-77,-53,-62,-65,-75,2,0,0
281,-79,-73,-83,-100,-68,-75,-53,-61,-64,-76,2,0,0
282,-78,-72,-82,-100,-68,-78,-54,-62,-64,-73,2,0,0
283,-78,-73,-82,-100,-68,-77,-53,-62,-65,-75,2,0,0
284,-77,-72,-82,-100,-67,-75,-53,-61,-64,-75,2,0,0
285,-77,-72,-82,-100,-66,-74,-53,-62,-65,-73,2,0,0
286,-79,-72,-83,-100,-67,-74,-54,-62,-65,-73,2,0,0
287,-78,-72,-82,-100,-68,-74,-53,-62,-65,-73,2,0,0
288,-78,-73,-82,-100,-67,-73,-53,-62,-65,-72,2,0,0
289,-78,-73,-82,-100,-67,-73,-54,-62,-65,-73,2,0,0
290,-78,-73,-82,-100,-67,-73,-54,-62,-65,-73,2,0,0
291,-78,-74,-82,-100,-67,-74,-53,-62,-64,-72,2,0,0
292,-79,-74,-83,-100,-66,-72,-53,-62,-65,-71,2,0,0
293,-79,-75,-80,-100,-66,-73,-54,-62,-64,-70,2,0,0
294,-78,-75,-82,-100,-66,-73,-54,-62,-64,-72,2,0,0
295,-77,-76,-81,-100,-66,-74,-54,-62,-64,-72,2,0,0
296,-78,-77,-82,-100,-64,-74,-53,-62,-64,-70,2,0,0
297,-76,-75,-81,-100,-66,-75,-53,-62,-64,-70,2,0,0
298,-78,-75,-81,-100,-67,-75,-53,-62,-65,-71,2,0,0
299,-77,-76,-81,-100,-68,-75,-54,-62,-63,-70,2,0,0
300,-77,-76,-81,-100,-67,-74,-53,-61,-64,-72,2,0,0
301,-77,-76,-80,-100,-67,-76,-53,-61,-64,-73,2,0,0
302,-77,-76,-81,-100,-68,-75,-53,-62,-64,-71,2,0,0
303,-77,-76,-80,-100,-68,-74,-54,-61,-64,-72,2,0,0
304,-78,-76,-80,-100,-67,-75,-53,-62,-63,-72,2,0,0
305,-78,-76,-80,-100,-67,-76,-54,-62,-63,-71,2,0,0
306,-77,-76,-80,-100,-67,-75,-54,-62,-63,-71,2,0,0
307,-78,-76,-80,-100,-67,-75,-54,-62,-64,-72,2,0,0
308,-77,-76,-80,-100,-67,-75,-53,-62,-64,-72,2,0,0
309,-77,-76,-80,-100,-66,-74,-53,-61,-64,-72,2,0,0
310,-77,-76,-80,-100,-68,-74,-54,-62,-64,-71,2,0,0
311,-77,-76,-80,-100,-67,-74,-54,-61,-64,-72,2,0,0
312,-77,-76,-80,-100,-67,-75,-53,-62,-64,-72,2,0,0
313,-77,-76,-80,-100,-67,-74,-53,-61,-64,-71,2,0,0
314,-77,-77,-79,-100,-67,-75,-54,-62,-64,-100,2,0,0
315,-77,-76,-80,-100,-67,-74,-53,-61,-64,-100,2,0,0
316,-77,-76,-100,-100,-66,-75,-54,-61,-64,-100,2,0,0
317,-77,-76,-100,-100,-66,-74,-53,-61,-64,-100,2,0,0
318,-77,-77,-100,-100,-67,-75,-53,-61,-64,-100,2,0,0
319,-78,-76,-100,-100,-67,-75,-53,-61,-64,-100,2,0,0
320,-77,-77,-100,-100,-67,-75,-54,-61,-63,-100,2,0,0
321,-77,-76,-80,-100,-66,-74,-53,-61,-64,-100,2,0,0
322,-77,-77,-80,-100,-67,-75,-53,-61,-64,-73,2,0,0
323,-77,-77,-80,-100,-67,-75,-54,-62,-64,-71,2,0,0
324,-77,-77,-80,-100,-66,-75,-54,-61,-63,-72,2,0,0
325,-77,-76,-80,-100,-66,-75,-52,-62,-63,-72,2,0,0
326,-77,-76,-80,-100,-67,-75,-54,-61,-64,-72,2,0,0
327,-76,-76,-80,-90,-67,-74,-54,-62,-64,-71,2,0,0
328,-77,-76,-79,-100,-67,-74,-53,-62,-63,-72,2,0,0
329,-77,-76,-79,-100,-67,-75,-53,-62,-64,-72,2,0,0
330,-76,-76,-80,-100,-67,-74,-53,-61,-64,-71,2,0,0
331,-76,-76,-80,-100,-67,-75,-53,-62,-64,-71,2,0,0
332,-76,-76,-80,-100,-67,-74,-53,-61,-63,-73,2,0,0
333,-76,-76,-80,-100,-67,-75,-54,-62,-64,-71,2,0,0
334,-77,-76,-81,-100,-67,-74,-53,-61,-63,-72,2,0,0
335,-77,-76,-80,-100,-67,-75,-53,-61,-63,-72,2,0,0
336,-77,-76,-80,-100,-67,-75,-53,-61,-63,-72,2,0,0
337,-77,-76,-80,-100,-67,-75,-54,-61,-63,-71,2,0,0
338,-100,-100,-100,-100,-100,-100,-53,-61,-63,-71,2,0,0
339,-77,-76,-80,-100,-67,-76,-53,-62,-63,-72,2,0,0
340,-77,-76,-80,-100,-67,-76,-53,-62,-63,-71,2,0,0
341,-77,-76,-80,-100,-67,-76,-54,-61,-63,-72,2,0,0
342,-77,-76,-80,-100,-67,-75,-53,-62,-63,-72,2,0,0
343,-77,-76,-80,-100,-67,-75,-54,-61,-63,-72,2,0,0
344,-77,-76,-80,-100,-67,-75,-54,-62,-63,-71,2,0,0
345,-77,-76,-80,-100,-67,-75,-54,-61,-63,-72,2,0,0
346,-77,-76,-79,-100,-67,-76,-53,-62,-63,-71,2,0,0
347,-77,-76,-81,-100,-67,-75,-54,-61,-63,-71,2,0,0
348,-77,-77,-80,-100,-67,-75,-54,-62,-63,-71,2,0,0
349,-77,-76,-79,-100,-67,-74,-53,-62,-63,-72,2,0,0
350,-77,-76,-80,-100,-67,-76,-54,-62,-63,-71,2,0,0
351,-77,-76,-80,-100,-66,-74,-53,-61,-63,-72,2,0,0
352,-77,-76,-79,-100,-67,-76,-53,-62,-63,-72,2,0,0
353,-77,-76,-79,-100,-67,-75,-53,-61,-63,-72,2,0,0
354,-77,-76,-79,-100,-67,-76,-54,-62,-63,-71,2,0,0
355,-77,-76,-80,-100,-67,-74,-53,-61,-63,-72,2,0,0
356,-77,-76,-79,-100,-67,-76,-53,-61,-63,-72,2,0,0
357,-77,-75,-79,-100,-67,-75,-53,-61,-63,-71,2,0,0
358,-77,-75,-79,-100,-67,-75,-54,-61,-63,-72,2,0,0
359,-77,-75,-79,-100,-66,-75,-53,-62,-63,-72,2,0,0
360,-77,-75,-80,-100,-67,-76,-54,-61,-63,-72,2,0,0
361,-77,-76,-80,-100,-67,-75,-54,-62,-63,-72,2,0,0
362,-77,-76,-80,-100,-67,-76,-54,-61,-63,-72,2,0,0
363,-77,-76,-79,-100,-66,-76,-53,-62,-63,-72,2,0,0
364,-77,-76,-81,-100,-67,-76,-54,-61,-63,-72,2,0,0
365,-77,-76,-80,-100,-67,-77,-53,-62,-63,-71,2,0,0
366,-77,-76,-80,-100,-67,-76,-53,-61,-63,-72,2,0,0
367,-76,-76,-80,-100,-67,-78,-54,-62,-64,-72,2,0,0
368,-77,-75,-81,-100,-66,-76,-53,-61,-64,-72,2,0,0
369,-77,-75,-80,-100,-67,-78,-54,-62,-64,-72,2,0,0
370,-78,-76,-80,-100,-67,-77,-53,-61,-64,-73,2,0,0
371,-77,-76,-80,-100,-66,-79,-53,-62,-64,-72,2,0,0
372,-77,-75,-81,-100,-67,-77,-53,-61,-63,-72,2,0,0
373,-77,-76,-80,-100,-67,-77,-53,-61,-63,-73,2,0,0
374,-77,-76,-80,-100,-67,-77,-53,-62,-63,-72,2,0,0
375,-77,-77,-80,-100,-67,-76,-54,-61,-63,-72,2,0,0
376,-77,-77,-79,-100,-66,-77,-53,-62,-63,-73,2,0,0
377,-77,-77,-80,-100,-66,-76,-53,-62,-63,-73,2,0,0
378,-76,-76,-80,-100,-66,-76,-54,-62,-63,-72,2,0,0
379,-77,-75,-80,-100,-67,-77,-54,-62,-63,-73,2,0,0
380,-77,-76,-79,-100,-66,-77,-52,-62,-63,-73,2,0,0
381,-77,-75,-79,-100,-66,-75,-53,-61,-63,-72,2,0,0
382,-77,-75,-79,-100,-66,-75,-54,-62,-64,-73,2,0,0
383,-77,-76,-79,-100,-66,-74,-54,-61,-63,-75,2,0,0
384,-76,-76,-79,-100,-66,-76,-54,-62,-64,-74,2,0,0
385,-76,-75,-79,-100,-66,-75,-53,-61,-64,-73,2,0,0
386,-76,-76,-79,-100,-100,-75,-53,-62,-63,-73,2,0,0
387,-77,-75,-79,-100,-66,-75,-53,-61,-63,-73,2,0,0
388,-100,-100,-100,-100,-100,-100,-54,-62,-63,-72,2,0,0
389,-76,-75,-80,-100,-66,-74,-53,-61,-64,-72,2,0,0
390,-77,-76,-79,-100,-66,-76,-53,-61,-64,-74,2,0,0
391,-77,-76,-80,-100,-67,-75,-53,-62,-64,-72,2,0,0
392,-100,-100,-100,-100,-66,-75,-54,-61,-63,-72,2,0,0
393,-77,-75,-78,-100,-66,-76,-53,-62,-63,-73,2,0,0
394,-77,-76,-79,-100,-67,-75,-54,-62,-63,-73,2,0,0
395,-77,-75,-79,-100,-66,-76,-54,-62,-63,-72,2,0,0
396,-78,-75,-80,-100,-66,-75,-54,-62,-63,-73,2,0,0
397,-77,-75,-80,-100,-66,-76,-53,-62,-63,-73,2,0,0
398,-77,-75,-80,-100,-66,-75,-54,-62,-63,-72,2,0,0
399,-77,-75,-79,-100,-66,-75,-54,-62,-63,-72,2,0,0
400,-76,-76,-80,-100,-66,-75,-53,-62,-63,-73,2,0,0
401,-77,-76,-80,-100,-66,-76,-53,-61,-64,-72,2,0,0
402,-77,-76,-80,-100,-66,-75,-53,-61,-64,-72,2,0,0
403,-77,-76,-79,-100,-66,-75,-54,-62,-63,-72,2,0,0
404,-77,-75,-79,-100,-66,-74,-53,-62,-64,-74,2,0,0
405,-77,-75,-79,-100,-66,-75,-53,-61,-64,-72,2,0,0
406,-76,-76,-79,-100,-66,-74,-53,-62,-63,-73,2,0,0
407,-76,-76,-79,-100,-66,-75,-53,-62,-64,-73,2,0,0
408,-77,-75,-80,-100,-66,-76,-53,-62,-63,-73,2,0,0
409,-76,-75,-79,-100,-66,-76,-54,-62,-63,-73,2,0,0
410,-76,-75,-79,-100,-65,-77,-53,-62,-63,-73,2,0,0
411,-76,-76,-79,-100,-66,-78,-53,-61,-63,-74,2,0,0
412,-77,-76,-79,-100,-66,-77,-54,-62,-63,-72,2,0,0
413,-77,-76,-79,-100,-66,-77,-54,-62,-63,-72,2,0,0
414,-77,-75,-100,-100,-66,-76,-53,-62,-63,-72,2,0,0
415,-77,-75,-79,-100,-66,-76,-54,-61,-63,-72,2,0,0
416,-77,-75,-79,-100,-66,-75,-54,-62,-64,-71,2,0,0
417,-77,-75,-79,-89,-66,-76,-54,-62,-63,-73,2,0,0
418,-77,-75,-79,-100,-66,-76,-54,-62,-64,-73,2,0,0
419,-77,-75,-79,-100,-66,-75,-53,-61,-63,-73,2,0,0
420,-77,-75,-79,-87,-66,-75,-54,-62,-64,-72,2,0,0
421,-77,-74,-79,-100,-66,-75,-53,-62,-64,-75,2,0,0
422,-77,-75,-79,-100,-66,-77,-54,-62,-64,-73,2,0,0
423,-76,-73,-80,-100,-66,-76,-54,-61,-64,-72,2,0,0
424,-77,-73,-80,-100,-67,-77,-53,-61,-63,-72,2,0,0
425,-78,-73,-79,-100,-67,-77,-53,-61,-63,-73,2,0,0
426,-77,-74,-80,-100,-67,-77,-54,-61,-64,-71,2,0,0
427,-75,-74,-81,-100,-66,-78,-53,-61,-63,-71,2,0,0
428,-76,-74,-81,-100,-66,-77,-53,-62,-63,-72,2,0,0
429,-77,-74,-82,-100,-66,-77,-53,-62,-63,-72,2,0,0
430,-76,-73,-82,-100,-67,-75,-54,-62,-63,-73,2,0,0
431,-77,-73,-81,-100,-66,-75,-52,-62,-63,-72,2,0,0
432,-76,-73,-82,-100,-67,-75,-53,-62,-63,-72,2,0,0
433,-76,-74,-81,-100,-67,-75,-54,-62,-63,-71,2,0,0
434,-76,-74,-82,-100,-67,-75,-53,-62,-63,-71,2,0,0
435,-100,-100,-100,-100,-100,-100,-54,-62,-63,-71,2,0,0
436,-100,-100,-100,-100,-67,-74,-53,-62,-63,-72,2,0,0
437,-77,-75,-81,-100,-66,-74,-53,-62,-63,-72,2,0,0
438,-76,-75,-81,-100,-66,-74,-53,-61,-63,-73,2,0,0
439,-76,-75,-82,-100,-66,-74,-54,-62,-63,-73,2,0,0
440,-76,-75,-82,-100,-66,-73,-54,-61,-63,-73,2,0,0
441,-76,-75,-81,-100,-66,-74,-53,-62,-64,-74,2,0,0
442,-76,-75,-82,-100,-66,-74,-53,-61,-64,-76,2,0,0
443,-76,-76,-82,-89,-66,-76,-54,-61,-64,-76,2,0,0
444,-77,-75,-82,-89,-66,-76,-100,-62,-64,-75,2,0,0
445,-76,-76,-80,-89,-66,-76,-54,-62,-64,-77,2,0,0
446,-78,-76,-81,-100,-67,-77,-54,-61,-63,-74,2,0,0
447,-81,-76,-80,-100,-67,-75,-56,-61,-63,-72,2,0,0
448,-86,-75,-79,-86,-64,-71,-55,-62,-62,-69,2,0,0
449,-79,-75,-80,-100,-63,-68,-53,-64,-62,-68,2,0,0
450,-74,-78,-78,-100,-64,-70,-54,-68,-62,-69,2,0,0
451,-75,-80,-77,-85,-64,-78,-55,-73,-64,-74,2,0,0
452,-77,-83,-82,-83,-62,-75,-57,-72,-66,-76,2,0,0
453,-72,-78,-100,-100,-72,-88,-57,-65,-63,-79,2,0,0
454,-74,-81,-88,-100,-64,-71,-57,-66,-65,-70,2,0,0
455,-75,-100,-100,-100,-64,-69,-58,-71,-71,-80,2,0,0
456,-76,-72,-84,-83,-68,-66,-56,-69,-64,-79,2,0,0
457,-77,-69,-81,-84,-66,-67,-54,-65,-64,-70,2,0,0
458,-79,-73,-100,-84,-66,-76,-52,-70,-69,-100,2,0,0
459,-100,-76,-88,-86,-64,-100,-51,-65,-67,-77,2,0,0
460,-77,-77,-80,-85,-69,-75,-52,-72,-67,-75,2,0,0
461,-75,-74,-80,-85,-75,-78,-52,-68,-67,-100,2,0,0
462,-78,-71,-81,-77,-74,-71,-53,-76,-67,-69,1,0,1
463,-76,-75,-82,-79,-72,-67,-53,-100,-63,-69,1,0,1
464,-100,-77,-85,-81,-73,-65,-56,-100,-67,-78,1,0,1
465,-79,-72,-100,-76,-69,-74,-55,-100,-64,-73,1,0,1
466,-100,-74,-79,-77,-72,-66,-57,-100,-67,-69,1,0,1
467,-77,-77,-83,-84,-71,-67,-58,-74,-69,-74,1,0,0
468,-80,-68,-75,-78,-70,-65,-55,-76,-68,-78,1,0,1
469,-81,-73,-76,-76,-65,-100,-56,-63,-69,-72,1,0,1
470,-100,-74,-76,-83,-72,-76,-59,-64,-67,-66,1,0,1
471,-80,-69,-79,-100,-65,-78,-58,-70,-73,-71,1,0,1
472,-76,-78,-86,-83,-70,-76,-55,-69,-67,-76,1,0,1
473,-80,-74,-81,-80,-100,-75,-56,-100,-62,-73,1,0,0
474,-78,-75,-100,-79,-66,-81,-57,-66,-73,-71,1,0,0
475,-77,-70,-84,-83,-82,-75,-63,-73,-77,-100,1,0,0
476,-83,-79,-81,-80,-77,-76,-68,-78,-70,-73,1,0,1
477,-100,-84,-81,-84,-80,-72,-65,-69,-65,-66,1,0,1
478,-83,-85,-100,-77,-74,-71,-63,-64,-69,-73,1,0,1
479,-80,-71,-85,-78,-67,-75,-68,-65,-66,-73,1,0,1
480,-74,-75,-100,-100,-67,-73,-66,-62,-75,-72,1,0,1
481,-82,-71,-87,-83,-70,-76,-60,-58,-70,-77,1,0,1
482,-78,-85,-75,-100,-67,-71,-58,-61,-64,-87,1,0,1
483,-77,-73,-75,-79,-74,-80,-61,-75,-64,-77,1,0,0
484,-78,-77,-100,-82,-67,-70,-64,-65,-67,-70,1,0,1
485,-79,-100,-76,-80,-74,-70,-57,-62,-64,-75,1,0,1
486,-100,-75,-78,-78,-68,-67,-58,-62,-68,-69,1,0,1
487,-78,-71,-74,-87,-68,-83,-56,-60,-71,-75,1,0,1
488,-81,-76,-78,-81,-75,-78,-59,-67,-69,-69,1,0,0
489,-81,-70,-100,-80,-70,-73,-57,-85,-67,-85,1,0,0
490,-84,-69,-100,-84,-67,-73,-59,-69,-67,-83,1,0,0
491,-100,-72,-100,-78,-66,-74,-55,-75,-61,-64,1,0,1
492,-78,-68,-77,-84,-77,-79,-60,-62,-65,-64,1,0,1
493,-80,-72,-77,-79,-64,-77,-61,-65,-69,-73,1,0,1
494,-77,-78,-100,-77,-71,-69,-57,-70,-67,-78,1,0,0
495,-83,-73,-100,-78,-65,-83,-58,-68,-66,-69,1,0,1
496,-79,-83,-78,-78,-70,-71,-55,-76,-65,-70,1,0,1
497,-81,-77,-75,-76,-66,-65,-55,-71,-62,-72,1,0,1
498,-75,-77,-82,-75,-66,-65,-57,-73,-68,-80,1,0,1
499,-77,-79,-81,-79,-73,-77,-54,-69,-62,-72,1,0,1
500,-75,-80,-81,-82,-63,-77,-53,-74,-60,-73,1,0,1
501,-75,-72,-74,-100,-67,-85,-60,-66,-62,-75,1,0,1
502,-76,-72,-81,-85,-100,-73,-55,-62,-73,-81,1,0,1
503,-79,-100,-83,-83,-68,-69,-54,-62,-71,-70,1,0,1
504,-84,-100,-84,-85,-75,-75,-59,-61,-62,-66,1,0,1
505,-73,-79,-84,-82,-72,-80,-58,-64,-60,-70,1,0,1
506,-80,-79,-84,-100,-70,-83,-56,-76,-63,-70,1,0,1
507,-82,-77,-79,-78,-78,-80,-58,-65,-66,-70,1,0,1
508,-83,-79,-81,-82,-69,-78,-60,-71,-62,-76,1,0,1
509,-81,-85,-82,-86,-69,-70,-58,-62,-61,-62,1,0,1
510,-76,-78,-81,-80,-72,-68,-57,-62,-69,-67,1,0,1
511,-100,-77,-87,-79,-72,-68,-54,-62,-68,-68,1,0,1
512,-81,-76,-82,-84,-68,-72,-57,-59,-61,-72,1,0,1
513,-79,-100,-80,-86,-62,-74,-64,-60,-58,-70,1,0,1
514,-80,-79,-75,-87,-63,-71,-57,-61,-63,-84,1,0,1
515,-79,-100,-77,-83,-70,-75,-55,-60,-64,-65,1,0,1
516,-87,-77,-100,-100,-75,-70,-59,-64,-64,-72,1,0,1
517,-77,-84,-86,-80,-72,-66,-67,-59,-64,-67,1,0,1
518,-70,-77,-100,-88,-69,-65,-58,-67,-67,-74,1,0,1
519,-100,-100,-77,-100,-79,-68,-58,-81,-67,-73,1,0,1
520,-73,-75,-80,-100,-61,-66,-60,-68,-65,-75,1,0,1
521,-73,-73,-79,-100,-62,-75,-57,-63,-62,-70,1,0,1
522,-83,-88,-77,-100,-68,-75,-64,-59,-60,-100,1,0,1
523,-76,-71,-76,-79,-82,-69,-73,-62,-61,-86,1,0,1
524,-69,-100,-77,-76,-69,-71,-62,-64,-61,-69,1,0,1
525,-78,-85,-77,-84,-62,-69,-56,-58,-78,-73,1,0,1
526,-72,-74,-80,-84,-64,-67,-56,-64,-64,-68,1,0,1
527,-73,-75,-89,-74,-62,-66,-72,-71,-62,-66,1,0,1
528,-90,-75,-83,-76,-62,-73,-66,-65,-76,-70,1,0,1
529,-74,-71,-77,-82,-63,-76,-62,-66,-70,-74,1,0,1
530,-100,-74,-81,-83,-61,-70,-63,-60,-64,-78,0,1,0
531,-77,-73,-87,-76,-58,-76,-64,-61,-67,-71,0,1,0
532,-73,-85,-83,-75,-62,-83,-59,-62,-57,-69,0,0,0
533,-77,-80,-81,-83,-63,-71,-62,-61,-100,-67,0,1,0
534,-78,-75,-82,-77,-68,-80,-58,-58,-75,-66,0,1,0
535,-80,-83,-82,-77,-63,-72,-64,-62,-60,-71,0,1,0
536,-77,-69,-79,-76,-67,-72,-64,-64,-57,-65,0,0,0
537,-80,-68,-86,-84,-65,-70,-72,-58,-60,-64,0,1,0
538,-79,-81,-82,-87,-81,-77,-66,-61,-64,-64,0,1,0
539,-75,-77,-80,-83,-67,-67,-69,-65,-62,-70,0,1,0
540,-76,-80,-100,-80,-65,-70,-60,-69,-61,-63,0,1,0
541,-68,-79,-89,-80,-69,-73,-58,-71,-61,-65,0,1,0
542,-71,-72,-85,-83,-64,-73,-56,-64,-62,-70,0,1,0
543,-78,-86,-80,-86,-72,-66,-58,-64,-60,-67,0,1,0
544,-76,-71,-100,-79,-81,-73,-56,-64,-67,-64,0,1,0
545,-76,-71,-100,-78,-65,-67,-57,-67,-62,-68,0,1,0
546,-79,-69,-80,-74,-57,-64,-59,-64,-57,-71,0,1,0
547,-76,-70,-81,-77,-64,-81,-62,-67,-61,-73,0,1,0
548,-77,-68,-100,-77,-71,-68,-67,-66,-58,-71,0,1,0
549,-75,-71,-83,-75,-71,-66,-65,-68,-58,-62,0,1,0
550,-69,-72,-81,-78,-70,-62,-67,-66,-56,-64,0,1,0
551,-69,-71,-82,-84,-59,-62,-59,-62,-60,-68,0,1,0
552,-69,-68,-79,-82,-61,-79,-58,-66,-64,-66,0,1,0
553,-70,-68,-79,-80,-61,-71,-61,-67,-68,-71,0,1,0
554,-73,-70,-82,-81,-61,-75,-63,-67,-62,-65,0,1,0
555,-83,-65,-87,-100,-63,-64,-65,-64,-61,-72,0,1,0
556,-68,-71,-100,-76,-56,-62,-60,-60,-60,-72,0,1,0
557,-76,-68,-80,-81,-56,-62,-61,-66,-60,-78,0,1,0
558,-75,-73,-83,-77,-62,-62,-62,-65,-64,-62,0,1,0
559,-74,-100,-81,-100,-65,-64,-64,-67,-60,-64,0,1,0
560,-68,-70,-78,-80,-65,-71,-60,-64,-58,-66,0,1,0
561,-72,-66,-80,-80,-63,-68,-59,-66,-62,-62,0,1,0
562,-77,-67,-83,-86,-60,-62,-63,-65,-60,-64,0,1,0
563,-74,-77,-76,-83,-56,-54,-57,-69,-71,-66,0,1,0
564,-77,-75,-77,-79,-58,-64,-62,-64,-72,-62,0,1,0
565,-67,-70,-83,-81,-62,-62,-63,-67,-66,-71,0,1,0
566,-100,-100,-100,-100,-61,-56,-63,-100,-61,-63,0,1,0
567,-66,-64,-78,-100,-58,-59,-61,-66,-58,-68,0,1,0
568,-72,-65,-79,-100,-62,-62,-100,-63,-58,-71,0,1,0
569,-66,-77,-85,-100,-62,-62,-60,-64,-62,-79,0,1,0
570,-70,-66,-78,-78,-65,-56,-57,-62,-65,-80,0,1,0
571,-67,-64,-78,-82,-63,-62,-62,-62,-63,-64,0,1,0
572,-67,-62,-72,-75,-57,-66,-61,-64,-64,-69,0,1,0
573,-67,-62,-70,-71,-57,-60,-61,-66,-65,-61,0,1,0
574,-68,-100,-78,-78,-57,-61,-69,-69,-62,-100,0,1,0
575,-77,-71,-79,-75,-52,-57,-67,-73,-63,-68,0,1,0
576,-70,-64,-75,-78,-54,-57,-58,-66,-62,-62,0,1,0
577,-64,-79,-75,-76,-55,-55,-64,-61,-71,-64,0,1,0
578,-64,-62,-83,-75,-55,-63,-65,-67,-69,-64,0,1,0
579,-69,-64,-81,-78,-59,-58,-64,-88,-70,-64,0,0,0
580,-100,-100,-100,-100,-56,-56,-100,-100,-100,-100,0,1,0
581,-75,-74,-82,-73,-73,-52,-66,-65,-68,-70,0,1,0
582,-65,-59,-100,-76,-60,-55,-65,-65,-70,-62,0,1,0
583,-66,-61,-77,-76,-54,-60,-62,-64,-64,-63,0,1,0
584,-64,-68,-80,-100,-52,-58,-62,-64,-58,-69,0,0,0
585,-69,-66,-78,-81,-54,-56,-63,-62,-59,-63,0,1,0
586,-67,-84,-71,-83,-62,-57,-66,-62,-59,-61,0,0,0
587,-67,-78,-71,-85,-58,-59,-67,-59,-62,-70,0,0,0
588,-72,-67,-100,-75,-55,-57,-66,-60,-69,-69,0,0,0
589,-71,-69,-73,-74,-74,-64,-70,-62,-57,-63,0,0,0
590,-71,-63,-76,-73,-64,-61,-87,-62,-61,-60,0,0,0
591,-66,-100,-100,-100,-62,-60,-73,-100,-64,-60,0,0,0
592,-70,-61,-74,-79,-55,-60,-70,-81,-61,-60,0,0,0
593,-72,-57,-78,-72,-54,-63,-66,-70,-62,-69,0,0,0
594,-70,-71,-77,-84,-57,-55,-83,-67,-65,-73,0,0,0
595,-64,-62,-73,-71,-64,-58,-72,-64,-60,-66,0,0,0
596,-66,-69,-100,-77,-61,-64,-72,-66,-64,-71,0,0,0
597,-67,-70,-77,-81,-60,-60,-60,-69,-60,-68,0,0,0
598,-69,-61,-75,-75,-56,-64,-60,-75,-63,-63,0,0,0
599,-67,-64,-74,-81,-57,-69,-59,-67,-61,-71,0,0,0
600,-64,-68,-100,-83,-59,-74,-62,-67,-68,-62,0,0,0
601,-64,-60,-84,-75,-58,-74,-66,-69,-70,-58,0,0,0
602,-62,-60,-80,-100,-55,-71,-61,-66,-67,-58,0,0,0
603,-63,-58,-76,-100,-55,-73,-60,-65,-70,-61,0,0,0
604,-56,-59,-73,-77,-53,-67,-61,-67,-67,-61,0,0,0
605,-58,-57,-78,-77,-53,-60,-70,-70,-62,-62,0,0,0
606,-60,-54,-84,-76,-54,-57,-70,-76,-66,-64,0,0,0
607,-68,-55,-78,-81,-56,-59,-75,-72,-69,-65,0,0,0
608,-61,-57,-77,-74,-58,-62,-64,-66,-72,-66,0,0,0
609,-68,-100,-100,-100,-65,-62,-100,-64,-65,-69,0,0,0
610,-65,-56,-72,-76,-69,-63,-61,-63,-64,-68,0,0,0
611,-63,-57,-83,-71,-60,-60,-65,-63,-63,-69,0,0,0
612,-62,-62,-77,-73,-57,-59,-66,-66,-61,-75,0,0,0
613,-57,-61,-82,-77,-57,-60,-62,-71,-61,-72,0,0,0
614,-70,-59,-75,-81,-58,-68,-61,-69,-64,-71,0,0,0
615,-62,-58,-79,-79,-61,-73,-61,-67,-69,-66,0,0,0
616,-57,-61,-81,-77,-65,-70,-62,-69,-60,-62,0,0,0
617,-57,-60,-71,-73,-58,-64,-67,-72,-57,-62,0,0,0
618,-64,-62,-87,-79,-55,-64,-71,-70,-57,-67,0,0,0
619,-64,-61,-81,-75,-55,-63,-66,-75,-61,-71,0,0,0
620,-57,-56,-70,-72,-60,-62,-79,-72,-66,-74,0,0,0
621,-65,-59,-100,-73,-69,-70,-66,-77,-62,-72,0,0,0
622,-56,-69,-78,-78,-62,-66,-62,-77,-67,-72,0,0,0
623,-55,-57,-78,-75,-62,-62,-64,-72,-63,-75,0,0,0
624,-63,-64,-74,-75,-61,-65,-68,-66,-65,-77,0,0,0
625,-60,-62,-74,-77,-65,-67,-67,-63,-82,-73,0,0,0
626,-56,-58,-79,-76,-67,-73,-64,-62,-72,-85,0,0,0
627,-55,-59,-74,-79,-57,-71,-62,-64,-62,-69,0,0,0
628,-63,-53,-74,-72,-57,-64,-71,-67,-65,-70,0,0,0
629,-69,-51,-78,-71,-60,-62,-70,-68,-62,-73,0,0,0
630,-63,-54,-74,-69,-69,-62,-62,-71,-66,-77,0,0,0
631,-58,-52,-74,-69,-60,-67,-65,-72,-68,-72,0,0,0
632,-60,-54,-79,-74,-57,-69,-66,-73,-67,-68,0,0,0
633,-64,-53,-75,-76,-60,-66,-71,-69,-70,-69,0,0,0
634,-64,-49,-70,-75,-62,-66,-65,-66,-63,-70,0,0,0
635,-63,-49,-77,-79,-63,-66,-61,-66,-61,-68,0,0,0
636,-62,-49,-74,-84,-62,-64,-59,-65,-61,-71,0,0,0
637,-61,-51,-100,-72,-66,-61,-58,-73,-62,-74,0,0,0
638,-100,-100,-100,-100,-100,-60,-58,-100,-100,-100,0,0,0
639,-67,-52,-67,-71,-61,-60,-59,-65,-64,-77,0,0,0
640,-75,-52,-72,-69,-63,-62,-61,-65,-68,-72,0,0,0
641,-100,-100,-100,-100,-100,-62,-100,-63,-100,-66,0,0,0
642,-100,-100,-100,-100,-100,-66,-100,-100,-100,-64,0,0,0
643,-66,-50,-75,-78,-64,-76,-68,-65,-68,-64,0,0,0
644,-64,-51,-74,-100,-67,-76,-74,-66,-68,-63,0,0,0
645,-64,-52,-74,-76,-70,-68,-100,-66,-72,-64,0,0,0
646,-63,-52,-80,-69,-69,-64,-77,-69,-65,-67,0,0,0
647,-62,-54,-78,-68,-69,-70,-71,-70,-70,-69,0,0,0
648,-62,-100,-100,-100,-100,-100,-100,-100,-100,-66,0,0,0
649,-62,-50,-76,-77,-73,-70,-72,-65,-66,-67,0,0,0
650,-62,-51,-74,-86,-67,-67,-68,-66,-79,-72,0,0,0
651,-69,-51,-75,-70,-65,-62,-100,-70,-67,-80,0,0,0
652,-62,-53,-73,-75,-64,-60,-60,-64,-66,-66,0,0,0
653,-58,-52,-72,-75,-64,-61,-63,-72,-65,-64,0,0,0
654,-58,-53,-79,-72,-66,-63,-60,-83,-67,-68,0,0,0
655,-66,-51,-74,-83,-70,-63,-62,-67,-62,-70,0,0,0
656,-64,-51,-73,-70,-68,-69,-60,-64,-65,-74,0,0,0
657,-68,-63,-70,-65,-72,-65,-61,-63,-64,-68,0,0,0
658,-68,-67,-75,-65,-66,-73,-61,-64,-64,-86,0,0,0
659,-61,-59,-72,-69,-65,-74,-72,-62,-62,-69,0,0,0
660,-62,-54,-72,-74,-80,-75,-58,-62,-61,-65,0,0,0
661,-57,-52,-68,-69,-64,-72,-74,-62,-62,-69,0,0,0
662,-57,-54,-70,-78,-67,-67,-62,-63,-60,-77,0,0,0
663,-64,-54,-68,-74,-81,-66,-100,-59,-59,-74,0,0,0
664,-62,-54,-74,-70,-73,-70,-62,-65,-63,-72,0,0,0
665,-58,-57,-72,-76,-68,-73,-62,-61,-61,-72,0,0,0
666,-60,-57,-74,-80,-68,-71,-100,-62,-65,-69,0,0,0
667,-61,-100,-100,-100,-100,-100,-65,-100,-60,-68,0,0,0
668,-58,-52,-70,-70,-69,-71,-62,-63,-62,-68,0,0,0
669,-57,-52,-68,-71,-77,-65,-63,-68,-64,-72,0,0,0
670,-59,-54,-70,-67,-70,-63,-68,-66,-63,-69,0,0,0
671,-58,-52,-77,-73,-69,-63,-65,-68,-73,-67,0,0,0
672,-59,-51,-76,-65,-74,-65,-65,-80,-64,-69,0,0,0
673,-60,-50,-69,-66,-74,-70,-67,-66,-62,-71,0,0,0
674,-64,-52,-72,-61,-74,-74,-61,-66,-62,-77,0,0,0
675,-68,-53,-69,-69,-67,-76,-60,-67,-62,-76,0,0,0
676,-61,-53,-70,-100,-71,-75,-66,-70,-64,-73,0,0,0
677,-59,-52,-69,-72,-75,-70,-65,-81,-62,-69,0,0,0
678,-58,-52,-64,-66,-84,-67,-65,-75,-60,-68,0,0,0
679,-60,-52,-70,-76,-68,-68,-62,-74,-60,-68,0,0,0
680,-59,-55,-61,-66,-67,-80,-64,-73,-61,-71,0,0,0
681,-58,-55,-62,-67,-67,-70,-62,-69,-60,-69,0,0,0
682,-57,-56,-63,-78,-66,-64,-65,-70,-60,-68,0,0,0
683,-57,-60,-65,-60,-66,-63,-65,-69,-59,-71,0,0,0
684,-57,-65,-66,-70,-72,-65,-70,-70,-61,-73,0,0,0
685,-56,-75,-61,-62,-79,-67,-67,-77,-63,-80,0,0,0
686,-57,-69,-64,-65,-80,-68,-64,-69,-65,-80,0,0,0
687,-60,-66,-62,-59,-68,-70,-65,-73,-64,-77,0,0,0
688,-61,-60,-66,-63,-71,-66,-64,-76,-65,-75,0,0,0
689,-58,-59,-64,-62,-80,-65,-60,-77,-74,-100,0,0,0
690,-58,-57,-70,-70,-82,-65,-61,-70,-71,-80,0,0,0
691,-58,-60,-65,-66,-73,-71,-65,-78,-63,-75,0,0,0
692,-62,-60,-67,-74,-72,-68,-64,-77,-66,-76,0,0,0
693,-62,-61,-63,-62,-100,-67,-64,-74,-66,-82,0,0,0
694,-65,-59,-68,-65,-73,-67,-63,-80,-65,-77,0,0,0
695,-66,-58,-69,-66,-77,-66,-65,-71,-62,-70,0,0,0
696,-100,-100,-100,-100,-100,-65,-70,-100,-64,-72,0,0,0
697,-66,-65,-59,-56,-76,-65,-69,-68,-65,-75,0,0,0
698,-64,-63,-67,-62,-71,-66,-67,-68,-68,-73,0,0,0
699,-71,-57,-62,-62,-73,-67,-71,-69,-64,-78,0,0,0
700,-77,-61,-62,-54,-68,-65,-100,-75,-64,-77,0,0,0
701,-73,-62,-77,-57,-75,-63,-81,-68,-66,-77,0,0,0
702,-65,-62,-68,-60,-70,-63,-85,-65,-63,-77,0,0,0
703,-65,-64,-63,-54,-69,-65,-75,-69,-67,-77,0,0,0
704,-64,-64,-66,-53,-76,-66,-100,-65,-66,-78,0,0,0
705,-64,-59,-62,-60,-74,-70,-74,-68,-67,-85,0,0,0
706,-63,-58,-60,-53,-71,-67,-86,-70,-69,-89,0,0,0
707,-66,-60,-61,-52,-69,-69,-73,-66,-71,-100,0,0,0
708,-67,-57,-63,-70,-71,-67,-77,-65,-68,-88,0,0,0
709,-65,-61,-64,-56,-73,-69,-69,-64,-77,-86,0,0,0
710,-77,-60,-65,-57,-70,-70,-67,-65,-73,-76,0,0,0
711,-74,-61,-58,-64,-70,-72,-69,-67,-74,-83,0,0,0
712,-73,-61,-64,-57,-70,-71,-65,-64,-71,-79,0,0,0
713,-68,-62,-61,-62,-69,-72,-67,-67,-79,-79,0,0,0
714,-100,-100,-100,-100,-100,-100,-100,-65,-100,-76,0,0,0
715,-64,-65,-58,-62,-68,-70,-65,-65,-76,-84,0,0,0
716,-62,-63,-70,-55,-67,-74,-69,-66,-81,-100,0,0,0
717,-63,-70,-62,-55,-68,-69,-74,-65,-81,-83,0,0,0
718,-62,-66,-64,-57,-66,-68,-67,-65,-81,-84,0,0,0
719,-64,-61,-62,-55,-72,-66,-77,-64,-81,-79,0,0,0
720,-65,-60,-64,-51,-68,-68,-79,-63,-76,-80,0,0,0
721,-64,-63,-60,-54,-100,-68,-74,-65,-68,-78,0,0,0
722,-64,-62,-65,-56,-72,-70,-72,-65,-70,-75,0,0,0
723,-65,-60,-62,-57,-74,-75,-100,-64,-66,-78,0,0,0
724,-67,-61,-73,-55,-70,-71,-77,-65,-68,-77,0,0,0
725,-72,-62,-62,-56,-68,-72,-76,-68,-64,-82,0,0,0
726,-72,-61,-57,-53,-71,-74,-80,-67,-63,-85,0,0,0
727,-72,-61,-62,-54,-67,-72,-77,-67,-66,-78,0,0,0
728,-72,-61,-66,-53,-68,-72,-76,-69,-64,-78,0,0,0
729,-76,-62,-61,-55,-71,-73,-77,-68,-64,-79,0,0,0
730,-77,-68,-62,-55,-70,-74,-100,-68,-64,-76,0,0,0
731,-74,-76,-65,-53,-67,-72,-67,-67,-63,-76,0,0,0
732,-73,-70,-67,-51,-67,-72,-67,-67,-62,-78,0,0,0
733,-72,-67,-65,-50,-69,-71,-67,-68,-62,-84,0,0,0
734,-71,-65,-64,-50,-71,-71,-66,-67,-62,-86,0,0,0
735,-71,-64,-67,-51,-70,-72,-66,-67,-64,-85,0,0,0
736,-72,-63,-76,-52,-68,-73,-66,-67,-65,-82,0,0,0
737,-71,-62,-69,-53,-67,-72,-66,-66,-65,-82,0,0,0
738,-71,-61,-65,-54,-67,-72,-66,-66,-65,-84,0,0,0
739,-70,-62,-64,-54,-67,-73,-65,-66,-64,-82,0,0,0
740,-69,-62,-64,-54,-68,-74,-67,-65,-64,-82,0,0,0
741,-69,-62,-63,-54,-68,-74,-66,-65,-64,-86,0,0,0
742,-69,-62,-63,-54,-68,-74,-66,-65,-64,-86,0,0,0
743,-69,-62,-63,-54,-68,-74,-65,-65,-64,-86,0,0,0
744,-69,-62,-64,-54,-67,-73,-66,-65,-64,-83,0,0,0
745,-69,-62,-64,-54,-68,-73,-66,-65,-64,-83,0,0,0
746,-69,-62,-63,-54,-68,-74,-66,-65,-64,-84,0,0,0
747,-69,-62,-64,-54,-68,-74,-65,-65,-64,-84,0,0,0
748,-69,-62,-64,-54,-68,-74,-65,-65,-64,-84,0,0,0
749,-69,-62,-64,-54,-67,-74,-66,-65,-64,-82,0,0,0
750,-69,-62,-64,-54,-67,-73,-65,-65,-64,-82,0,0,0
751,-69,-62,-64,-54,-67,-73,-65,-65,-64,-81,0,0,0
752,-70,-62,-64,-54,-67,-73,-65,-65,-64,-82,0,0,0
753,-69,-62,-64,-54,-67,-73,-66,-65,-64,-83,0,0,0
754,-69,-62,-64,-54,-67,-74,-65,-65,-64,-83,0,0,0
755,-69,-62,-64,-54,-67,-74,-66,-65,-64,-83,0,0,0
756,-69,-62,-64,-54,-67,-74,-65,-65,-64,-83,0,0,0
757,-69,-62,-64,-54,-67,-74,-66,-65,-64,-84,0,0,0
758,-69,-62,-64,-54,-67,-74,-66,-65,-64,-83,0,0,0
759,-69,-62,-63,-54,-67,-74,-65,-65,-64,-83,0,0,0
760,-69,-62,-64,-54,-67,-74,-65,-65,-64,-83,0,0,0
761,-70,-62,-63,-54,-67,-74,-66,-65,-64,-84,0,0,0
762,-69,-62,-63,-54,-67,-74,-65,-65,-64,-84,0,0,0
763,-69,-62,-64,-54,-67,-74,-66,-65,-64,-84,0,0,0
764,-69,-62,-63,-54,-67,-74,-65,-65,-64,-84,0,0,0
765,-69,-62,-64,-54,-67,-74,-65,-65,-64,-83,0,0,0
766,-69,-62,-63,-54,-67,-74,-65,-65,-64,-85,0,0,0
767,-69,-62,-64,-54,-67,-74,-65,-65,-64,-83,0,0,0
768,-69,-62,-64,-54,-67,-74,-65,-65,-64,-84,0,0,0
769,-69,-62,-64,-54,-67,-74,-66,-65,-64,-82,0,0,0
770,-70,-62,-64,-54,-67,-74,-65,-65,-64,-83,0,0,0
771,-69,-62,-64,-54,-67,-74,-65,-65,-64,-82,0,0,0
772,-69,-62,-64,-54,-67,-74,-65,-65,-64,-83,0,0,0
773,-69,-62,-64,-54,-68,-74,-65,-65,-64,-82,0,0,0
774,-69,-62,-64,-54,-67,-74,-65,-66,-64,-82,0,0,0
775,-69,-62,-64,-54,-68,-74,-65,-66,-64,-82,0,0,0
776,-69,-62,-64,-54,-68,-74,-65,-65,-64,-81,0,0,0
777,-69,-62,-64,-54,-67,-74,-65,-66,-64,-82,0,0,0
778,-69,-62,-64,-54,-68,-74,-66,-66,-65,-82,0,0,0
779,-69,-62,-64,-54,-67,-74,-65,-65,-64,-83,0,0,0
780,-69,-62,-64,-54,-68,-75,-65,-66,-64,-82,0,0,0
781,-69,-62,-64,-54,-68,-74,-64,-65,-64,-83,0,0,0
782,-69,-62,-64,-54,-68,-74,-65,-65,-64,-83,0,0,0
783,-69,-62,-64,-54,-68,-74,-65,-65,-64,-83,0,0,0
784,-69,-62,-64,-54,-68,-74,-65,-65,-64,-83,0,0,0
785,-69,-62,-64,-54,-67,-74,-64,-65,-64,-83,0,0,0
786,-69,-62,-64,-54,-67,-73,-65,-65,-64,-82,0,0,0
787,-69,-62,-64,-54,-67,-73,-65,-65,-64,-82,0,0,0
788,-69,-62,-64,-54,-68,-74,-65,-65,-64,-82,0,0,0
789,-70,-62,-64,-54,-68,-74,-65,-65,-64,-83,0,0,0
790,-69,-62,-64,-54,-68,-74,-65,-65,-64,-82,0,0,0
791,-70,-62,-64,-54,-67,-75,-65,-65,-64,-82,0,0,0
792,-69,-62,-64,-54,-67,-75,-65,-65,-64,-81,0,0,0
793,-70,-62,-64,-54,-68,-75,-65,-65,-64,-83,0,0,0
794,-69,-62,-64,-54,-67,-74,-64,-65,-64,-82,0,0,0
795,-70,-61,-64,-54,-67,-74,-65,-65,-64,-81,0,0,0
796,-69,-62,-64,-54,-67,-74,-65,-65,-64,-80,0,0,0
797,-70,-62,-64,-54,-67,-75,-65,-65,-64,-81,0,0,0
798,-69,-62,-64,-54,-67,-74,-64,-65,-64,-81,0,0,0
799,-69,-62,-64,-54,-68,-74,-66,-65,-64,-81,0,0,0
800,-69,-62,-64,-54,-68,-73,-65,-65,-64,-82,0,0,0
801,-69,-62,-64,-54,-69,-73,-65,-66,-64,-83,0,0,0
802,-69,-62,-64,-54,-68,-73,-64,-66,-64,-82,0,0,0
803,-70,-61,-64,-54,-68,-73,-65,-66,-64,-82,0,0,0
804,-69,-62,-65,-54,-67,-73,-65,-66,-64,-83,0,0,0
805,-70,-61,-61,-54,-68,-74,-64,-66,-64,-81,0,0,0
806,-68,-62,-64,-54,-68,-74,-64,-65,-64,-83,0,0,0
807,-70,-63,-100,-54,-67,-74,-66,-66,-64,-82,0,0,0
808,-70,-62,-64,-54,-67,-73,-64,-65,-64,-80,0,0,0
809,-70,-61,-65,-53,-66,-72,-65,-66,-65,-81,0,0,0
810,-71,-62,-67,-53,-67,-72,-66,-66,-65,-81,0,0,0
811,-70,-62,-73,-53,-67,-72,-65,-66,-65,-81,0,0,0
812,-70,-63,-75,-52,-69,-73,-66,-67,-64,-82,0,0,0
813,-70,-64,-64,-50,-70,-73,-66,-68,-63,-82,0,0,0
814,-70,-67,-64,-51,-69,-73,-65,-67,-62,-80,0,0,0
815,-70,-73,-67,-53,-67,-73,-66,-65,-62,-78,0,0,0
816,-73,-68,-65,-54,-74,-74,-75,-68,-65,-77,0,0,0
817,-75,-66,-70,-51,-75,-75,-81,-70,-64,-78,0,0,0
818,-83,-66,-65,-55,-70,-73,-77,-65,-64,-80,0,0,0
819,-72,-63,-65,-57,-78,-79,-76,-67,-68,-80,0,0,0
820,-64,-57,-68,-55,-71,-75,-75,-64,-65,-81,0,0,0
821,-63,-63,-70,-55,-100,-70,-73,-65,-66,-82,0,0,0
822,-65,-60,-61,-52,-72,-69,-77,-64,-67,-81,0,0,0
823,-64,-57,-73,-52,-78,-68,-68,-66,-66,-87,0,0,0
824,-62,-58,-63,-51,-76,-67,-79,-66,-70,-81,0,0,0
825,-62,-57,-73,-55,-74,-65,-64,-66,-66,-82,0,0,0
826,-62,-60,-59,-61,-77,-67,-65,-67,-65,-76,0,0,0
827,-62,-61,-62,-55,-75,-72,-63,-65,-66,-82,0,0,0
828,-70,-63,-58,-61,-76,-71,-65,-69,-63,-77,0,0,0
829,-68,-72,-62,-61,-72,-67,-65,-67,-68,-80,0,0,0
830,-77,-70,-64,-50,-73,-67,-64,-69,-68,-80,0,0,0
831,-68,-63,-67,-58,-73,-70,-65,-71,-67,-85,0,0,0
832,-65,-58,-61,-57,-77,-71,-66,-75,-69,-83,0,0,0
833,-62,-59,-64,-53,-78,-67,-64,-73,-71,-83,0,0,0
834,-65,-56,-65,-54,-75,-64,-63,-74,-70,-85,0,0,0
835,-74,-55,-64,-58,-100,-66,-64,-73,-71,-74,0,0,0
836,-68,-59,-63,-58,-76,-68,-63,-71,-74,-71,0,0,0
837,-64,-58,-69,-68,-82,-63,-72,-69,-100,-74,0,0,0
838,-67,-57,-63,-61,-83,-67,-68,-67,-75,-72,0,0,0
839,-63,-55,-63,-64,-87,-67,-82,-63,-68,-69,0,0,0
840,-60,-58,-73,-68,-66,-71,-69,-64,-66,-69,0,0,0
841,-64,-60,-61,-60,-63,-63,-74,-68,-65,-72,0,0,0
842,-63,-65,-68,-65,-66,-64,-66,-65,-75,-81,0,0,0
843,-57,-59,-71,-61,-67,-67,-74,-74,-65,-75,0,0,0
844,-69,-57,-65,-67,-74,-65,-71,-69,-72,-76,0,0,0
845,-79,-50,-75,-65,-77,-72,-66,-64,-62,-76,0,0,0
846,-66,-52,-67,-65,-70,-77,-61,-63,-64,-73,0,0,0
847,-67,-54,-66,-72,-71,-67,-67,-71,-65,-79,0,0,0
848,-64,-52,-71,-70,-68,-70,-62,-68,-62,-66,0,0,0
849,-57,-58,-73,-67,-66,-64,-62,-62,-60,-74,0,0,0
850,-65,-58,-72,-73,-66,-74,-75,-62,-62,-71,0,0,0
851,-69,-55,-71,-72,-72,-72,-70,-67,-63,-73,0,0,0
852,-62,-52,-78,-75,-61,-62,-62,-69,-68,-64,0,0,0
853,-61,-51,-81,-69,-75,-62,-65,-65,-78,-78,0,0,0
854,-67,-50,-78,-83,-63,-66,-62,-62,-100,-66,0,0,0
855,-59,-52,-80,-100,-72,-61,-59,-67,-64,-68,0,0,0
856,-64,-51,-68,-72,-64,-70,-71,-68,-63,-100,0,0,0
857,-56,-51,-70,-72,-64,-76,-72,-77,-70,-69,0,0,0
858,-56,-53,-100,-67,-61,-78,-68,-64,-68,-70,0,0,0
859,-62,-60,-80,-82,-64,-62,-62,-65,-63,-72,0,0,0
860,-60,-69,-77,-100,-60,-66,-60,-72,-67,-68,0,0,0
861,-56,-77,-81,-73,-65,-63,-64,-61,-60,-72,0,0,0
862,-84,-57,-79,-84,-55,-73,-72,-67,-63,-56,0,0,0
863,-75,-58,-75,-81,-62,-62,-70,-77,-66,-72,0,0,0
864,-66,-70,-79,-70,-61,-60,-64,-67,-65,-64,0,0,0
865,-66,-56,-77,-69,-62,-61,-67,-64,-63,-69,0,0,0
866,-61,-60,-84,-82,-49,-70,-58,-68,-71,-61,0,0,0
867,-59,-57,-76,-100,-56,-74,-61,-67,-62,-72,0,0,0
868,-69,-66,-78,-69,-66,-56,-67,-68,-58,-71,0,0,0
869,-70,-62,-73,-80,-56,-56,-71,-62,-57,-72,0,0,0
870,-63,-69,-80,-73,-64,-62,-66,-78,-67,-66,0,0,0
871,-69,-65,-84,-76,-65,-56,-68,-61,-60,-67,0,0,0
872,-71,-64,-74,-70,-56,-54,-62,-62,-59,-62,0,1,0
873,-64,-62,-80,-77,-66,-67,-62,-70,-67,-72,0,1,0
874,-70,-69,-80,-72,-56,-51,-62,-69,-66,-61,0,1,0
875,-62,-75,-74,-72,-55,-63,-74,-64,-72,-61,0,1,0
876,-72,-80,-70,-100,-59,-57,-71,-73,-64,-63,0,1,0
877,-67,-64,-81,-81,-60,-58,-63,-66,-63,-69,0,1,0
878,-64,-74,-78,-78,-57,-62,-58,-66,-59,-78,0,1,0
879,-65,-100,-78,-84,-65,-67,-58,-64,-67,-69,0,1,0
880,-69,-81,-85,-77,-58,-61,-62,-67,-59,-71,0,1,0
881,-68,-67,-83,-81,-59,-60,-66,-63,-62,-72,0,1,0
882,-74,-70,-79,-85,-59,-60,-64,-64,-60,-64,0,1,0
883,-79,-67,-85,-83,-66,-57,-61,-78,-62,-64,0,1,0
884,-64,-75,-84,-82,-62,-56,-66,-76,-66,-69,0,1,0
885,-76,-72,-75,-100,-57,-54,-57,-67,-70,-70,0,1,0
886,-65,-64,-79,-78,-62,-60,-64,-63,-59,-64,0,1,0
887,-70,-70,-78,-80,-67,-70,-58,-62,-58,-64,0,1,0
888,-80,-81,-83,-100,-61,-73,-80,-64,-60,-64,0,1,0
889,-69,-71,-100,-79,-58,-61,-61,-73,-62,-71,0,1,0
890,-72,-66,-85,-81,-61,-63,-68,-65,-62,-66,0,1,0
891,-79,-69,-81,-74,-59,-65,-59,-64,-58,-72,0,1,0
892,-72,-71,-83,-83,-62,-75,-57,-65,-66,-67,0,1,0
893,-68,-77,-100,-82,-62,-63,-71,-67,-60,-62,0,1,0
894,-85,-73,-82,-80,-64,-63,-63,-68,-57,-60,0,1,0
895,-71,-81,-81,-100,-69,-69,-65,-70,-64,-66,0,1,0
896,-73,-70,-80,-100,-61,-74,-56,-70,-60,-69,0,1,0
897,-83,-72,-80,-86,-67,-82,-59,-65,-64,-64,0,1,0
898,-72,-83,-79,-83,-68,-69,-61,-64,-61,-63,0,1,0
899,-75,-77,-100,-76,-62,-69,-64,-65,-60,-70,0,1,0
900,-77,-83,-77,-80,-62,-66,-62,-60,-61,-69,0,1,0
901,-72,-64,-100,-86,-67,-67,-78,-62,-57,-78,0,1,0
902,-82,-84,-75,-77,-62,-69,-60,-60,-66,-69,0,1,0
903,-82,-77,-84,-77,-71,-71,-62,-64,-62,-70,0,1,0
904,-77,-75,-87,-78,-57,-69,-58,-70,-64,-77,0,1,0
905,-78,-83,-79,-100,-63,-68,-62,-64,-64,-72,0,1,0
906,-72,-82,-82,-86,-65,-71,-64,-64,-73,-63,1,0,1
907,-70,-72,-82,-82,-69,-100,-64,-66,-67,-63,1,0,1
908,-88,-73,-89,-76,-69,-68,-56,-59,-67,-72,1,0,1
909,-100,-79,-100,-82,-69,-63,-61,-55,-63,-71,1,0,1
910,-74,-72,-82,-80,-62,-67,-78,-58,-66,-80,1,0,1
911,-76,-74,-75,-100,-69,-64,-65,-70,-100,-68,1,0,1
912,-78,-70,-81,-100,-67,-64,-68,-73,-68,-64,1,0,1
913,-89,-74,-75,-100,-64,-70,-63,-68,-72,-70,1,0,1
914,-87,-78,-100,-84,-70,-69,-68,-64,-62,-79,1,0,1
915,-77,-74,-100,-100,-73,-74,-60,-70,-71,-77,1,0,1
916,-100,-79,-83,-100,-62,-82,-59,-66,-66,-77,1,0,1
917,-78,-74,-100,-86,-72,-66,-64,-62,-70,-67,1,0,1
918,-90,-74,-100,-78,-69,-74,-63,-64,-68,-68,1,0,1
919,-78,-75,-100,-82,-65,-65,-61,-65,-75,-72,1,0,1
920,-80,-73,-83,-100,-71,-69,-66,-64,-67,-71,1,0,1
921,-71,-74,-75,-83,-64,-65,-56,-68,-64,-76,1,0,1
922,-83,-81,-100,-100,-67,-100,-57,-62,-62,-78,1,0,1
923,-83,-74,-82,-87,-62,-70,-65,-62,-72,-74,1,0,0
924,-100,-76,-82,-87,-63,-67,-57,-68,-63,-66,1,0,0
925,-100,-80,-82,-83,-69,-75,-59,-80,-64,-67,1,0,1
926,-75,-74,-75,-80,-65,-69,-62,-100,-63,-74,1,0,1
927,-75,-84,-78,-80,-66,-67,-56,-71,-70,-73,1,0,1
928,-82,-73,-80,-76,-64,-72,-64,-59,-62,-69,1,0,1
929,-70,-75,-79,-88,-67,-70,-55,-59,-81,-79,1,0,1
930,-73,-79,-74,-83,-64,-76,-58,-61,-67,-72,1,0,1
931,-84,-76,-78,-100,-72,-72,-54,-64,-65,-68,1,0,1
932,-81,-88,-75,-77,-72,-72,-61,-66,-74,-64,1,0,1
933,-72,-74,-81,-81,-68,-74,-59,-64,-62,-71,1,0,1
934,-83,-73,-80,-88,-65,-80,-62,-60,-63,-77,1,0,1
935,-82,-76,-80,-84,-72,-70,-57,-69,-64,-76,1,0,1
936,-83,-77,-88,-100,-75,-75,-55,-64,-68,-71,1,0,1
937,-73,-78,-80,-100,-65,-69,-55,-61,-73,-63,1,0,1
938,-100,-100,-100,-100,-100,-66,-55,-100,-100,-82,1,0,1
939,-72,-76,-83,-81,-75,-82,-54,-61,-84,-71,1,0,1
940,-82,-76,-100,-100,-76,-74,-58,-60,-74,-69,1,0,1
941,-84,-70,-82,-86,-66,-69,-58,-59,-66,-74,1,0,1
942,-100,-77,-81,-81,-66,-80,-57,-69,-73,-75,1,0,1
943,-75,-81,-85,-80,-66,-74,-54,-62,-71,-100,1,0,1
944,-76,-71,-100,-84,-65,-72,-54,-69,-67,-70,1,0,1
945,-74,-78,-100,-79,-66,-81,-59,-65,-78,-70,1,0,0
946,-81,-80,-78,-74,-69,-69,-59,-62,-73,-71,1,0,0
947,-79,-71,-78,-77,-70,-72,-58,-62,-77,-81,1,0,0
948,-74,-70,-85,-83,-69,-71,-56,-72,-65,-75,1,0,0
949,-100,-74,-81,-100,-71,-69,-57,-70,-81,-72,1,0,1
950,-80,-75,-78,-100,-79,-67,-57,-75,-65,-76,1,0,1
951,-84,-69,-100,-100,-66,-64,-58,-71,-66,-71,1,0,1
952,-82,-67,-89,-76,-69,-65,-55,-69,-77,-82,1,0,1
953,-81,-86,-86,-79,-69,-67,-54,-100,-73,-74,1,0,1
954,-79,-80,-81,-79,-73,-80,-55,-65,-67,-76,1,0,1
955,-100,-71,-100,-100,-67,-77,-52,-64,-65,-75,2,0,0
956,-100,-74,-85,-100,-69,-71,-53,-63,-66,-78,2,0,0
957,-75,-77,-81,-82,-67,-69,-55,-68,-68,-77,2,0,0
958,-77,-73,-100,-86,-63,-74,-52,-67,-65,-81,2,0,0
959,-74,-76,-84,-100,-60,-72,-52,-65,-64,-67,2,0,0
960,-78,-70,-87,-85,-64,-70,-56,-66,-69,-66,2,0,0
961,-78,-70,-80,-76,-72,-67,-55,-68,-71,-72,2,0,0
962,-72,-76,-79,-78,-67,-68,-56,-67,-71,-77,2,0,0
963,-78,-72,-80,-82,-70,-69,-56,-66,-73,-76,2,0,0
964,-85,-77,-84,-80,-66,-78,-56,-62,-74,-71,2,0,0
965,-82,-84,-83,-77,-70,-100,-55,-62,-70,-72,2,0,0
966,-83,-81,-84,-77,-68,-100,-55,-62,-71,-69,2,0,0
967,-84,-76,-83,-79,-65,-77,-55,-61,-72,-71,2,0,0
968,-82,-75,-84,-79,-66,-75,-56,-61,-71,-70,2,0,0
969,-81,-77,-81,-80,-66,-76,-56,-61,-69,-70,2,0,0
970,-81,-77,-81,-79,-66,-78,-55,-61,-70,-70,2,0,0
971,-81,-78,-83,-79,-66,-79,-56,-62,-70,-71,2,0,0
972,-82,-78,-86,-79,-66,-78,-56,-62,-70,-70,2,0,0
973,-83,-78,-84,-79,-66,-78,-56,-62,-69,-70,2,0,0
974,-81,-77,-83,-79,-66,-77,-55,-61,-71,-70,2,0,0
975,-100,-100,-100,-100,-100,-100,-57,-62,-100,-70,2,0,0
976,-82,-77,-84,-79,-67,-77,-57,-62,-70,-70,2,0,0
977,-82,-77,-83,-79,-66,-78,-57,-62,-70,-71,2,0,0
978,-82,-77,-83,-78,-66,-77,-56,-61,-70,-71,2,0,0
979,-82,-77,-83,-79,-66,-77,-57,-62,-70,-70,2,0,0
980,-82,-77,-84,-79,-66,-76,-56,-62,-70,-69,2,0,0
981,-82,-78,-82,-79,-66,-78,-56,-61,-70,-71,2,0,0
982,-82,-77,-83,-79,-66,-78,-56,-61,-70,-71,2,0,0
983,-81,-100,-83,-79,-67,-79,-56,-62,-69,-70,2,0,0
984,-81,-77,-84,-79,-66,-78,-55,-62,-70,-70,2,0,0
985,-82,-77,-82,-79,-66,-78,-56,-61,-70,-69,2,0,0
986,-82,-78,-83,-79,-67,-78,-57,-61,-69,-70,2,0,0
987,-82,-77,-83,-79,-67,-78,-55,-61,-70,-70,2,0,0
988,-82,-78,-84,-78,-67,-77,-57,-62,-69,-71,2,0,0
989,-81,-77,-83,-79,-66,-78,-56,-62,-70,-69,2,0,0
990,-82,-77,-84,-78,-66,-78,-56,-62,-69,-70,2,0,0
991,-80,-77,-100,-78,-66,-78,-56,-61,-70,-70,2,0,0
992,-82,-77,-82,-79,-66,-79,-57,-61,-70,-71,2,0,0
993,-81,-77,-81,-78,-67,-77,-57,-61,-70,-70,2,0,0
994,-81,-77,-83,-79,-66,-78,-56,-61,-69,-70,2,0,0
995,-82,-78,-82,-80,-66,-76,-56,-61,-70,-70,2,0,0
996,-82,-77,-80,-78,-66,-78,-58,-61,-70,-70,2,0,0
997,-82,-78,-81,-77,-67,-77,-56,-61,-69,-70,2,0,0
998,-81,-77,-81,-77,-66,-78,-56,-62,-70,-71,2,0,0
999,-82,-77,-82,-79,-67,-77,-56,-61,-70,-70,2,0,0
1000,-81,-77,-81,-79,-66,-79,-56,-61,-70,-69,2,0,0
1001,-83,-77,-81,-78,-67,-78,-57,-62,-69,-70,2,0,0
1002,-82,-78,-83,-79,-66,-78,-56,-61,-69,-70,2,0,0
1003,-82,-77,-84,-79,-66,-78,-57,-61,-69,-70,2,0,0
1004,-81,-77,-83,-78,-67,-78,-55,-61,-69,-70,2,0,0
1005,-82,-77,-83,-78,-66,-78,-56,-61,-69,-70,2,0,0
1006,-81,-77,-84,-79,-66,-77,-56,-61,-69,-70,2,0,0
1007,-82,-77,-84,-78,-67,-78,-56,-61,-69,-71,2,0,0
1008,-81,-77,-83,-78,-67,-78,-55,-61,-69,-71,2,0,0
1009,-82,-78,-83,-79,-66,-79,-56,-62,-70,-71,2,0,0
1010,-82,-77,-83,-78,-67,-77,-56,-61,-70,-70,2,0,0
1011,-81,-78,-83,-79,-66,-79,-56,-61,-69,-70,2,0,0
1012,-81,-78,-83,-80,-66,-78,-56,-61,-69,-71,2,0,0
1013,-81,-77,-81,-79,-66,-78,-57,-62,-70,-70,2,0,0
1014,-80,-77,-83,-79,-66,-78,-56,-61,-69,-69,2,0,0
1015,-82,-77,-82,-79,-66,-79,-57,-62,-70,-70,2,0,0
1016,-81,-77,-83,-79,-66,-78,-57,-61,-70,-71,2,0,0
1017,-81,-78,-81,-78,-66,-79,-57,-62,-70,-70,2,0,0
1018,-82,-77,-84,-79,-66,-77,-56,-62,-69,-70,2,0,0
1019,-81,-77,-84,-79,-66,-78,-55,-61,-70,-69,2,0,0
1020,-81,-77,-82,-79,-67,-78,-56,-62,-70,-69,2,0,0
1021,-82,-77,-82,-79,-67,-79,-56,-61,-70,-70,2,0,0
1022,-100,-100,-100,-100,-100,-100,-57,-62,-100,-70,2,0,0
1023,-82,-77,-84,-79,-66,-78,-56,-62,-70,-70,2,0,0
1024,-82,-77,-83,-79,-66,-78,-56,-62,-69,-70,2,0,0
1025,-81,-77,-100,-78,-67,-78,-55,-61,-70,-70,2,0,0
1026,-81,-77,-83,-78,-66,-78,-57,-61,-70,-71,2,0,0
1027,-81,-77,-84,-79,-66,-77,-57,-61,-70,-70,2,0,0
1028,-81,-76,-83,-78,-66,-78,-55,-62,-70,-71,2,0,0
1029,-81,-77,-83,-78,-66,-78,-56,-61,-70,-70,2,0,0
1030,-82,-77,-82,-79,-66,-79,-58,-62,-71,-71,2,0,0
1031,-81,-78,-82,-78,-66,-78,-56,-61,-70,-70,2,0,0
1032,-81,-78,-82,-78,-66,-79,-56,-62,-70,-72,2,0,0
1033,-82,-77,-83,-78,-66,-76,-56,-61,-70,-71,2,0,0
1034,-81,-77,-82,-79,-66,-78,-57,-61,-71,-70,2,0,0
1035,-83,-77,-84,-79,-66,-78,-56,-61,-70,-71,2,0,0
1036,-82,-77,-83,-78,-66,-79,-57,-61,-70,-70,2,0,0
1037,-81,-78,-83,-79,-66,-78,-56,-61,-70,-71,2,0,0
1038,-81,-77,-83,-79,-66,-78,-56,-61,-70,-70,2,0,0
1039,-82,-78,-84,-79,-66,-78,-56,-62,-70,-71,2,0,0
1040,-81,-77,-84,-79,-66,-78,-56,-61,-70,-70,2,0,0
1041,-81,-78,-84,-78,-67,-78,-57,-62,-69,-70,2,0,0
1042,-81,-78,-84,-79,-67,-77,-55,-61,-70,-70,2,0,0
1043,-80,-78,-83,-79,-66,-77,-56,-62,-70,-72,2,0,0
1044,-82,-78,-84,-79,-66,-77,-56,-62,-70,-70,2,0,0
1045,-82,-78,-83,-79,-67,-78,-56,-62,-69,-71,2,0,0
1046,-81,-78,-84,-78,-66,-78,-57,-61,-70,-72,2,0,0
1047,-82,-79,-83,-78,-66,-78,-57,-62,-70,-100,2,0,0
1048,-83,-78,-84,-78,-66,-77,-56,-61,-69,-70,2,0,0
1049,-82,-78,-83,-79,-66,-79,-56,-62,-69,-71,2,0,0
1050,-83,-78,-84,-79,-66,-78,-56,-61,-70,-72,2,0,0
1051,-83,-100,-82,-78,-66,-80,-58,-62,-70,-71,2,0,0
1052,-84,-100,-83,-79,-66,-78,-56,-62,-69,-71,2,0,0
1053,-83,-100,-100,-79,-66,-81,-55,-62,-69,-100,2,0,0
1054,-83,-100,-82,-79,-66,-78,-56,-62,-70,-100,2,0,0
1055,-82,-100,-83,-79,-66,-80,-56,-61,-70,-100,2,0,0
1056,-84,-100,-83,-79,-66,-79,-56,-62,-70,-71,2,0,0
1057,-84,-77,-83,-79,-66,-80,-56,-61,-69,-70,2,0,0
1058,-84,-77,-83,-79,-66,-79,-56,-62,-69,-70,2,0,0
1059,-84,-77,-83,-79,-66,-82,-55,-61,-69,-70,2,0,0
1060,-83,-78,-83,-79,-66,-81,-56,-62,-70,-71,2,0,0
1061,-83,-78,-84,-80,-67,-81,-57,-62,-70,-70,2,0,0
1062,-84,-78,-82,-78,-66,-79,-56,-62,-69,-71,2,0,0
1063,-83,-77,-82,-78,-67,-79,-55,-61,-69,-71,2,0,0
1064,-84,-77,-83,-79,-66,-79,-55,-62,-70,-71,2,0,0
1065,-83,-78,-83,-79,-67,-78,-56,-62,-70,-70,2,0,0
1066,-83,-79,-82,-79,-66,-79,-58,-62,-69,-72,2,0,0
1067,-82,-78,-83,-79,-66,-78,-55,-61,-69,-72,2,0,0
1068,-83,-78,-82,-78,-66,-79,-57,-62,-70,-71,2,0,0
1069,-83,-78,-82,-78,-66,-78,-56,-61,-69,-70,2,0,0
1070,-82,-78,-82,-79,-66,-79,-56,-61,-69,-71,2,0,0
1071,-83,-78,-82,-79,-66,-78,-56,-61,-69,-71,2,0,0
1072,-82,-78,-81,-79,-66,-79,-57,-62,-69,-70,2,0,0
1073,-82,-78,-82,-79,-65,-79,-56,-62,-69,-70,2,0,0
1074,-83,-78,-82,-79,-66,-78,-55,-62,-69,-70,2,0,0
1075,-83,-78,-82,-79,-66,-79,-57,-62,-69,-71,2,0,0
1076,-82,-78,-82,-79,-66,-80,-55,-62,-69,-71,2,0,0
1077,-83,-79,-81,-79,-66,-81,-56,-62,-69,-71,2,0,0
1078,-84,-78,-81,-79,-66,-81,-56,-62,-69,-70,2,0,0
1079,-83,-78,-81,-78,-67,-82,-56,-62,-69,-71,2,0,0
1080,-83,-79,-81,-79,-67,-81,-56,-61,-69,-71,2,0,0
1081,-86,-78,-82,-79,-66,-83,-57,-62,-70,-72,2,0,0
1082,-84,-78,-82,-79,-66,-81,-56,-62,-70,-70,2,0,0
1083,-84,-78,-82,-79,-65,-81,-55,-62,-70,-70,2,0,0
1084,-84,-78,-82,-79,-66,-78,-56,-61,-70,-71,2,0,0
1085,-84,-77,-82,-79,-65,-80,-57,-62,-70,-71,2,0,0
1086,-84,-78,-83,-79,-65,-78,-56,-62,-69,-70,2,0,0
1087,-84,-77,-82,-79,-65,-78,-56,-62,-71,-71,2,0,0
1088,-84,-77,-83,-82,-64,-74,-57,-62,-75,-71,2,0,0
1089,-81,-73,-82,-100,-65,-70,-58,-64,-84,-72,2,0,0
1090,-77,-72,-80,-81,-72,-68,-55,-68,-72,-78,2,0,0
1091,-73,-73,-78,-79,-70,-68,-53,-67,-71,-80,2,0,0
1092,-73,-87,-88,-77,-66,-67,-54,-69,-74,-74,2,0,0
1093,-79,-69,-81,-76,-74,-68,-54,-66,-70,-72,2,0,0
1094,-79,-68,-100,-100,-64,-69,-56,-64,-68,-66,2,0,0
1095,-75,-76,-82,-80,-62,-76,-55,-100,-69,-73,2,0,0
1096,-77,-72,-82,-87,-62,-73,-52,-65,-64,-70,2,0,0
1097,-76,-75,-84,-84,-63,-72,-52,-63,-67,-79,2,0,0
1098,-77,-76,-83,-84,-65,-66,-58,-70,-64,-73,2,0,0
1099,-87,-78,-86,-100,-66,-72,-54,-63,-70,-75,2,0,0
1100,-85,-72,-100,-100,-69,-79,-54,-64,-64,-77,2,0,0
1101,-80,-77,-81,-78,-72,-83,-53,-66,-68,-73,1,0,1
1102,-81,-71,-79,-79,-71,-67,-55,-71,-72,-73,1,0,1
1103,-82,-75,-81,-83,-68,-64,-57,-76,-78,-67,1,0,1
1104,-78,-70,-78,-100,-64,-73,-62,-68,-63,-100,1,0,1
1105,-79,-70,-100,-85,-66,-80,-56,-66,-74,-72,1,0,1
1106,-73,-70,-86,-86,-67,-74,-59,-80,-66,-77,1,0,0
1107,-78,-71,-77,-77,-72,-71,-57,-62,-72,-100,1,0,0
1108,-85,-80,-80,-75,-70,-70,-64,-62,-74,-72,1,0,0
1109,-75,-78,-84,-85,-66,-84,-59,-66,-72,-69,1,0,0
1110,-76,-69,-84,-76,-68,-82,-54,-65,-66,-72,1,0,1
1111,-79,-73,-86,-81,-65,-76,-58,-70,-76,-75,1,0,1
1112,-77,-72,-84,-85,-67,-80,-60,-62,-74,-76,1,0,1
1113,-82,-77,-85,-82,-72,-72,-56,-58,-71,-78,1,0,1
1114,-77,-76,-85,-100,-70,-74,-56,-59,-74,-75,1,0,1
1115,-76,-100,-85,-76,-72,-74,-54,-62,-66,-76,1,0,1
1116,-74,-73,-100,-80,-69,-72,-55,-64,-73,-77,1,0,1
1117,-85,-72,-77,-84,-66,-73,-54,-61,-70,-74,1,0,0
1118,-83,-69,-76,-81,-69,-83,-62,-66,-66,-73,1,0,1
1119,-77,-86,-82,-79,-79,-73,-58,-59,-72,-71,1,0,1
1120,-80,-70,-86,-86,-71,-70,-62,-63,-66,-80,1,0,1
1121,-75,-68,-86,-85,-67,-72,-69,-65,-64,-72,1,0,1
1122,-80,-71,-76,-100,-79,-73,-58,-64,-66,-64,1,0,1
1123,-86,-78,-80,-81,-76,-82,-56,-68,-70,-67,1,0,1
1124,-72,-73,-74,-79,-64,-100,-57,-62,-67,-73,1,0,1
1125,-68,-73,-74,-78,-65,-67,-54,-62,-81,-77,1,0,1
1126,-77,-75,-87,-85,-68,-67,-62,-60,-67,-81,1,0,1
1127,-71,-88,-78,-79,-68,-67,-57,-61,-62,-64,1,0,1
1128,-76,-80,-75,-100,-68,-67,-59,-68,-63,-62,1,0,1
1129,-76,-76,-78,-79,-68,-71,-60,-72,-62,-72,1,0,1
1130,-85,-100,-100,-84,-67,-73,-62,-83,-71,-73,1,0,1
1131,-76,-100,-83,-81,-73,-100,-57,-70,-70,-65,1,0,0
1132,-73,-84,-100,-79,-64,-70,-58,-68,-67,-64,1,0,0
1133,-78,-73,-100,-81,-64,-72,-61,-64,-73,-68,1,0,0
1134,-83,-81,-84,-100,-66,-78,-57,-62,-61,-76,1,0,1
1135,-72,-77,-76,-86,-65,-68,-57,-66,-64,-68,1,0,1
1136,-100,-69,-75,-83,-62,-67,-63,-69,-67,-74,1,0,1
1137,-76,-74,-81,-76,-64,-72,-62,-67,-64,-69,1,0,1
1138,-80,-76,-79,-81,-69,-87,-59,-62,-62,-69,1,0,1
1139,-82,-78,-100,-100,-67,-70,-58,-66,-70,-75,1,0,1
1140,-78,-72,-87,-82,-64,-66,-64,-61,-67,-68,1,0,1
1141,-100,-74,-81,-100,-62,-83,-61,-65,-65,-81,1,0,1
1142,-79,-73,-80,-80,-68,-84,-61,-72,-74,-78,1,0,1
1143,-100,-74,-80,-79,-69,-70,-68,-70,-66,-72,1,0,1
1144,-69,-75,-85,-100,-67,-71,-60,-67,-67,-71,1,0,1
1145,-79,-67,-100,-80,-67,-66,-59,-69,-68,-64,1,0,1
1146,-77,-72,-82,-85,-66,-66,-65,-78,-66,-70,1,0,1
1147,-73,-83,-75,-85,-62,-76,-66,-69,-74,-72,1,0,1
1148,-73,-73,-82,-79,-65,-62,-69,-58,-67,-72,1,0,1
1149,-100,-100,-100,-100,-100,-65,-59,-55,-64,-74,1,0,1
1150,-78,-72,-86,-76,-68,-70,-55,-59,-64,-68,1,0,1
1151,-70,-73,-80,-80,-66,-87,-61,-69,-65,-62,1,0,1
1152,-72,-71,-80,-83,-72,-78,-66,-64,-61,-64,1,0,1
1153,-70,-71,-78,-87,-60,-76,-61,-61,-68,-64,0,1,1
1154,-74,-69,-85,-83,-60,-72,-62,-70,-70,-69,0,1,0
1155,-100,-82,-83,-83,-69,-72,-60,-67,-64,-65,0,1,0
1156,-75,-78,-100,-77,-69,-67,-65,-62,-58,-79,0,1,0
1157,-83,-100,-75,-77,-62,-65,-62,-60,-62,-66,0,1,0
1158,-78,-70,-85,-85,-80,-70,-67,-64,-60,-64,0,1,0
1159,-80,-74,-86,-100,-66,-70,-62,-57,-61,-73,0,1,0
1160,-100,-75,-86,-81,-63,-63,-64,-66,-68,-67,0,1,0
1161,-76,-69,-88,-79,-62,-67,-60,-65,-61,-68,0,1,0
1162,-79,-79,-78,-81,-62,-61,-64,-70,-65,-67,0,1,0
1163,-89,-77,-77,-100,-65,-69,-61,-65,-74,-64,0,1,0
1164,-73,-84,-84,-77,-70,-62,-61,-64,-62,-62,0,1,0
1165,-74,-72,-84,-76,-66,-71,-56,-70,-62,-67,0,1,0
1166,-72,-71,-86,-100,-65,-67,-59,-66,-59,-70,0,1,0
1167,-75,-68,-85,-77,-61,-74,-69,-75,-59,-67,0,1,0
1168,-84,-73,-84,-80,-58,-67,-59,-71,-58,-62,0,1,0
1169,-77,-82,-86,-79,-63,-59,-61,-64,-56,-72,0,1,0
1170,-80,-71,-100,-76,-60,-58,-64,-65,-61,-62,0,1,0
1171,-77,-72,-85,-76,-60,-65,-61,-65,-65,-75,0,1,0
1172,-73,-70,-84,-100,-56,-64,-65,-69,-68,-66,0,1,0
1173,-71,-67,-82,-81,-58,-68,-62,-67,-62,-68,0,1,0
1174,-77,-71,-86,-100,-62,-64,-62,-68,-60,-66,0,1,0
1175,-82,-65,-100,-100,-62,-67,-76,-61,-62,-63,0,1,0
1176,-70,-67,-100,-79,-58,-64,-60,-57,-60,-84,0,1,0
1177,-76,-78,-85,-79,-61,-61,-62,-79,-61,-73,0,1,0
1178,-100,-100,-100,-100,-77,-61,-61,-100,-61,-69,0,1,0
1179,-68,-70,-84,-77,-69,-66,-64,-62,-62,-70,0,1,0
1180,-69,-77,-81,-80,-62,-64,-70,-64,-62,-74,0,1,0
1181,-64,-67,-81,-84,-57,-75,-65,-59,-60,-66,0,1,0
1182,-64,-83,-82,-81,-58,-63,-58,-67,-58,-63,0,1,0
1183,-65,-81,-84,-81,-64,-61,-60,-66,-59,-64,0,1,0
1184,-65,-68,-81,-86,-70,-62,-67,-72,-60,-64,0,1,0
1185,-64,-70,-76,-79,-60,-54,-64,-69,-62,-78,0,1,0
1186,-65,-68,-73,-100,-57,-57,-60,-63,-72,-62,0,1,0
1187,-72,-71,-75,-83,-61,-59,-60,-63,-74,-66,0,1,0
1188,-68,-71,-85,-100,-61,-64,-62,-69,-68,-65,0,1,0
1189,-66,-81,-78,-86,-57,-64,-67,-69,-64,-71,0,1,0
1190,-68,-69,-79,-84,-58,-56,-63,-81,-60,-62,0,1,0
1191,-66,-66,-79,-83,-59,-57,-60,-73,-58,-79,0,1,0
1192,-68,-64,-100,-78,-58,-58,-61,-66,-56,-70,0,1,0
1193,-64,-77,-78,-100,-64,-56,-72,-65,-57,-69,0,1,0
1194,-67,-69,-74,-73,-58,-62,-62,-65,-62,-71,0,1,0
1195,-70,-74,-75,-76,-75,-62,-57,-62,-71,-66,0,1,0
1196,-65,-100,-100,-100,-64,-62,-63,-67,-62,-61,0,1,0
1197,-66,-70,-76,-75,-58,-61,-61,-64,-65,-79,0,1,0
1198,-76,-68,-73,-76,-58,-58,-63,-63,-64,-60,0,1,0
1199,-77,-64,-78,-79,-54,-58,-64,-72,-61,-66,0,1,0
1200,-75,-68,-78,-77,-55,-58,-66,-76,-64,-68,0,1,0
1201,-62,-61,-79,-82,-54,-57,-57,-65,-60,-65,0,1,0
1202,-62,-64,-80,-77,-55,-55,-64,-59,-67,-64,0,0,0
1203,-66,-69,-77,-74,-57,-63,-64,-64,-69,-64,0,1,0
1204,-75,-64,-81,-75,-100,-58,-61,-87,-69,-64,0,1,0
1205,-67,-66,-83,-77,-54,-54,-68,-68,-68,-69,0,1,0
1206,-75,-79,-83,-72,-67,-51,-69,-64,-64,-72,0,1,0
1207,-100,-100,-100,-100,-64,-54,-66,-67,-68,-64,0,1,0
1208,-64,-62,-79,-77,-54,-60,-73,-64,-74,-63,0,1,0
1209,-61,-62,-82,-100,-54,-57,-62,-63,-60,-70,0,1,0
1210,-75,-61,-71,-79,-57,-56,-60,-62,-59,-77,0,1,0
1211,-67,-57,-78,-75,-64,-56,-63,-61,-59,-66,0,0,0
1212,-64,-61,-86,-72,-54,-63,-69,-62,-68,-74,0,0,0
1213,-66,-65,-78,-75,-62,-58,-65,-60,-64,-67,0,0,0
1214,-73,-70,-77,-77,-62,-60,-69,-62,-59,-61,0,0,0
1215,-61,-61,-78,-76,-60,-61,-72,-65,-71,-62,0,0,0
1216,-64,-63,-84,-67,-56,-58,-65,-75,-62,-63,0,0,0
1217,-62,-64,-83,-72,-55,-61,-67,-74,-62,-65,0,0,0
1218,-61,-63,-73,-74,-58,-54,-83,-65,-64,-73,0,0,0
1219,-68,-57,-73,-74,-66,-60,-84,-65,-60,-66,0,0,0
1220,-76,-62,-100,-83,-62,-66,-67,-64,-62,-68,0,0,0
1221,-66,-64,-100,-73,-58,-61,-58,-69,-57,-68,0,0,0
1222,-63,-61,-100,-72,-55,-70,-59,-71,-61,-62,0,0,0
1223,-59,-74,-85,-81,-60,-65,-59,-68,-61,-72,0,0,0
1224,-59,-67,-81,-72,-65,-77,-64,-75,-71,-62,0,0,0
1225,-62,-100,-100,-100,-56,-100,-64,-100,-100,-58,0,0,0
1226,-61,-61,-76,-77,-54,-68,-60,-66,-68,-63,0,0,0
1227,-59,-63,-74,-100,-50,-62,-62,-64,-65,-63,0,0,0
1228,-62,-68,-81,-77,-50,-57,-63,-65,-67,-61,0,0,0
1229,-70,-56,-77,-69,-52,-61,-70,-67,-64,-62,0,0,0
1230,-62,-57,-82,-70,-54,-57,-66,-67,-64,-65,0,0,0
1231,-68,-58,-72,-71,-62,-57,-65,-66,-65,-69,0,0,0
1232,-57,-68,-85,-73,-63,-64,-67,-64,-69,-72,0,0,0
1233,-61,-61,-79,-80,-60,-61,-67,-66,-66,-68,0,0,0
1234,-63,-63,-76,-74,-62,-62,-69,-71,-67,-63,0,0,0
1235,-62,-57,-74,-74,-56,-63,-68,-64,-67,-73,0,0,0
1236,-56,-100,-100,-76,-57,-64,-73,-62,-61,-68,0,0,0
1237,-62,-68,-76,-77,-65,-64,-67,-63,-60,-67,0,0,0
1238,-53,-65,-100,-75,-60,-63,-60,-70,-62,-72,0,0,0
1239,-61,-60,-73,-73,-61,-65,-63,-78,-72,-66,0,0,0
1240,-57,-59,-79,-74,-60,-65,-76,-67,-64,-68,0,0,0
1241,-59,-64,-74,-76,-70,-63,-62,-65,-67,-80,0,0,0
1242,-62,-54,-76,-71,-63,-69,-63,-67,-62,-65,0,0,0
1243,-63,-61,-80,-66,-58,-70,-68,-62,-64,-65,0,0,0
1244,-66,-54,-77,-74,-57,-68,-78,-65,-74,-67,0,0,0
1245,-56,-55,-100,-80,-69,-63,-70,-66,-68,-79,0,0,0
1246,-66,-53,-69,-75,-68,-65,-74,-66,-76,-67,0,0,0
1247,-62,-51,-69,-76,-62,-73,-66,-100,-70,-64,0,0,0
1248,-66,-49,-70,-68,-57,-71,-65,-78,-70,-68,0,0,0
1249,-66,-54,-83,-69,-68,-66,-67,-69,-70,-74,0,0,0
1250,-59,-52,-80,-76,-63,-63,-69,-66,-65,-80,0,0,0
1251,-63,-51,-76,-72,-65,-62,-62,-63,-67,-71,0,0,0
1252,-60,-54,-80,-69,-62,-68,-62,-63,-67,-68,0,0,0
1253,-58,-57,-76,-70,-62,-61,-69,-67,-72,-69,0,0,0
1254,-64,-100,-100,-100,-63,-60,-63,-63,-100,-68,0,0,0
1255,-62,-52,-72,-75,-62,-62,-66,-68,-66,-65,0,0,0
1256,-74,-51,-72,-74,-63,-65,-68,-65,-66,-63,0,0,0
1257,-67,-65,-73,-70,-60,-85,-63,-65,-100,-66,0,0,0
1258,-67,-58,-82,-69,-56,-69,-64,-67,-67,-68,0,0,0
1259,-68,-53,-76,-67,-61,-67,-68,-65,-66,-66,0,0,0
1260,-62,-54,-73,-69,-62,-68,-63,-67,-63,-71,0,0,0
1261,-62,-63,-76,-87,-64,-71,-77,-63,-62,-72,0,0,0
1262,-63,-60,-84,-71,-69,-67,-65,-60,-62,-79,0,0,0
1263,-76,-54,-82,-73,-60,-66,-68,-67,-62,-73,0,0,0
1264,-59,-55,-75,-75,-66,-70,-66,-62,-59,-69,0,0,0
1265,-57,-57,-74,-82,-64,-77,-67,-77,-64,-69,0,0,0
1266,-69,-55,-77,-73,-68,-75,-66,-67,-61,-66,0,0,0
1267,-63,-57,-74,-68,-69,-69,-61,-83,-63,-68,0,0,0
1268,-64,-60,-70,-68,-71,-73,-62,-73,-64,-70,0,0,0
1269,-64,-62,-72,-68,-70,-73,-69,-72,-73,-77,0,0,0
1270,-67,-60,-69,-83,-70,-81,-62,-77,-75,-73,0,0,0
1271,-66,-54,-74,-67,-69,-69,-64,-75,-67,-69,0,0,0
1272,-63,-58,-71,-68,-67,-69,-80,-70,-72,-68,0,0,0
1273,-75,-63,-71,-70,-66,-73,-70,-63,-69,-68,0,0,0
1274,-65,-59,-65,-70,-69,-71,-69,-61,-65,-71,0,0,0
1275,-62,-57,-63,-65,-73,-68,-64,-62,-68,-80,0,0,0
1276,-60,-60,-71,-64,-68,-69,-73,-63,-71,-100,0,0,0
1277,-62,-65,-64,-70,-71,-66,-73,-64,-67,-76,0,0,0
1278,-58,-63,-73,-66,-69,-64,-66,-68,-74,-76,0,0,0
1279,-56,-63,-71,-72,-66,-70,-65,-72,-76,-78,0,0,0
1280,-55,-59,-66,-60,-67,-75,-67,-72,-79,-87,0,0,0
1281,-57,-63,-66,-72,-76,-66,-68,-75,-68,-75,0,0,0
1282,-60,-60,-63,-62,-82,-63,-72,-67,-62,-78,0,0,0
1283,-61,-100,-100,-100,-100,-63,-100,-66,-65,-78,0,0,0
1284,-64,-53,-61,-58,-73,-63,-78,-62,-65,-74,0,0,0
1285,-63,-56,-62,-56,-78,-66,-70,-64,-64,-74,0,0,0
1286,-69,-68,-63,-66,-75,-69,-72,-62,-64,-73,0,0,0
1287,-70,-83,-71,-62,-73,-68,-75,-64,-72,-72,0,0,0
1288,-69,-63,-65,-72,-75,-65,-72,-65,-72,-71,0,0,0
1289,-67,-62,-66,-65,-68,-63,-69,-71,-69,-72,0,0,0
1290,-62,-60,-83,-75,-67,-65,-65,-71,-67,-72,0,0,0
1291,-68,-64,-68,-66,-66,-70,-62,-72,-64,-73,0,0,0
1292,-66,-61,-67,-60,-69,-68,-63,-74,-62,-72,0,0,0
1293,-64,-61,-64,-58,-66,-68,-64,-73,-64,-75,0,0,0
1294,-69,-71,-73,-54,-72,-67,-64,-67,-67,-76,0,0,0
1295,-73,-65,-73,-54,-72,-77,-65,-68,-73,-72,0,0,0
1296,-70,-64,-64,-58,-70,-68,-68,-70,-77,-70,0,0,0
1297,-64,-71,-68,-58,-69,-65,-63,-76,-74,-73,0,0,0
1298,-66,-68,-69,-73,-73,-67,-63,-72,-74,-80,0,0,0
1299,-65,-66,-67,-53,-73,-72,-68,-75,-69,-84,0,0,0
1300,-68,-62,-63,-62,-78,-71,-69,-76,-70,-77,0,0,0
1301,-73,-64,-62,-53,-70,-71,-69,-69,-74,-72,0,0,0
1302,-65,-61,-77,-56,-72,-74,-71,-68,-65,-72,0,0,0
1303,-68,-65,-65,-56,-71,-78,-100,-63,-65,-70,0,0,0
1304,-70,-69,-68,-57,-70,-74,-68,-65,-67,-76,0,0,0
1305,-72,-67,-74,-52,-68,-68,-67,-66,-64,-83,0,0,0
1306,-81,-66,-65,-54,-70,-67,-64,-69,-75,-75,0,0,0
1307,-70,-67,-62,-55,-67,-66,-73,-68,-75,-77,0,0,0
1308,-70,-70,-66,-51,-67,-67,-71,-67,-65,-77,0,0,0
1309,-69,-58,-70,-51,-66,-70,-67,-67,-74,-75,0,0,0
1310,-71,-62,-63,-51,-69,-73,-76,-67,-66,-77,0,0,0
1311,-74,-58,-69,-51,-66,-72,-69,-70,-70,-82,0,0,0
1312,-73,-59,-67,-53,-68,-73,-74,-67,-71,-82,0,0,0
1313,-66,-58,-70,-52,-71,-74,-87,-67,-70,-80,0,0,0
1314,-68,-58,-66,-55,-76,-71,-70,-66,-70,-76,0,0,0
1315,-65,-61,-68,-56,-87,-73,-78,-67,-68,-73,0,0,0
1316,-64,-60,-60,-51,-78,-76,-83,-67,-68,-80,0,0,0
1317,-65,-64,-63,-52,-78,-74,-79,-65,-68,-82,0,0,0
1318,-64,-68,-61,-52,-72,-77,-82,-67,-68,-78,0,0,0
1319,-64,-65,-73,-51,-74,-76,-71,-66,-71,-76,0,0,0
1320,-65,-65,-66,-52,-79,-77,-70,-65,-70,-76,0,0,0
1321,-65,-65,-65,-52,-82,-76,-69,-65,-69,-76,0,0,0
1322,-65,-65,-66,-51,-79,-78,-69,-65,-70,-76,0,0,0
1323,-65,-65,-68,-51,-76,-79,-67,-65,-72,-77,0,0,0
1324,-65,-65,-68,-51,-75,-80,-69,-65,-71,-77,0,0,0
1325,-65,-65,-67,-51,-77,-80,-68,-65,-71,-76,0,0,0
1326,-65,-65,-68,-51,-76,-78,-68,-65,-71,-77,0,0,0
1327,-65,-64,-67,-51,-76,-78,-68,-65,-71,-77,0,0,0
1328,-65,-65,-68,-51,-76,-79,-69,-65,-72,-76,0,0,0
1329,-65,-65,-68,-51,-77,-78,-68,-65,-72,-77,0,0,0
1330,-65,-65,-68,-51,-76,-79,-68,-65,-71,-76,0,0,0
1331,-65,-65,-68,-51,-76,-78,-69,-65,-72,-77,0,0,0
1332,-65,-65,-68,-51,-77,-79,-68,-65,-71,-77,0,0,0
1333,-65,-65,-68,-51,-76,-79,-68,-65,-71,-77,0,0,0
1334,-65,-100,-69,-51,-76,-78,-68,-65,-71,-77,0,0,0
1335,-65,-64,-69,-52,-76,-79,-69,-65,-71,-77,0,0,0
1336,-65,-65,-68,-52,-77,-78,-68,-65,-72,-77,0,0,0
1337,-65,-64,-68,-51,-77,-79,-69,-65,-71,-77,0,0,0
1338,-65,-65,-68,-51,-77,-79,-69,-65,-71,-77,0,0,0
1339,-65,-64,-68,-51,-77,-79,-68,-65,-71,-77,0,0,0
1340,-65,-64,-68,-51,-77,-78,-68,-65,-71,-77,0,0,0
1341,-65,-65,-68,-51,-78,-78,-69,-65,-71,-77,0,0,0
1342,-65,-64,-68,-52,-79,-78,-69,-65,-71,-76,0,0,0
1343,-65,-65,-68,-51,-77,-79,-69,-65,-71,-77,0,0,0
1344,-65,-65,-68,-51,-78,-79,-68,-65,-71,-77,0,0,0
1345,-65,-65,-67,-51,-79,-78,-69,-65,-71,-76,0,0,0
1346,-65,-64,-67,-51,-78,-78,-68,-65,-71,-76,0,0,0
1347,-65,-65,-67,-51,-80,-78,-68,-65,-72,-75,0,0,0
1348,-65,-64,-67,-51,-78,-79,-69,-65,-72,-76,0,0,0
1349,-65,-64,-68,-52,-79,-78,-69,-65,-71,-75,0,0,0
1350,-65,-65,-68,-51,-81,-79,-69,-65,-72,-76,0,0,0
1351,-65,-64,-67,-51,-79,-78,-69,-65,-71,-77,0,0,0
1352,-65,-64,-68,-51,-79,-78,-69,-65,-71,-76,0,0,0
1353,-65,-64,-68,-51,-78,-77,-68,-65,-71,-76,0,0,0
1354,-65,-64,-68,-51,-77,-78,-68,-65,-71,-76,0,0,0
1355,-65,-64,-68,-51,-78,-78,-69,-65,-71,-76,0,0,0
1356,-65,-64,-68,-51,-77,-78,-69,-65,-71,-76,0,0,0
1357,-65,-64,-68,-51,-77,-77,-68,-65,-71,-76,0,0,0
1358,-65,-64,-68,-51,-77,-78,-68,-65,-71,-76,0,0,0
1359,-65,-64,-68,-51,-77,-77,-69,-65,-70,-76,0,0,0
1360,-65,-64,-67,-51,-77,-78,-68,-65,-71,-75,0,0,0
1361,-65,-64,-68,-51,-76,-78,-68,-65,-70,-76,0,0,0
1362,-65,-64,-68,-51,-77,-78,-69,-65,-71,-75,0,0,0
1363,-100,-64,-67,-52,-77,-78,-68,-65,-71,-75,0,0,0
1364,-65,-64,-68,-51,-77,-78,-68,-65,-71,-75,0,0,0
1365,-65,-64,-67,-51,-78,-78,-68,-65,-71,-76,0,0,0
1366,-65,-64,-68,-50,-78,-78,-68,-65,-71,-75,0,0,0
1367,-65,-64,-68,-51,-78,-78,-68,-100,-71,-75,0,0,0
1368,-65,-64,-68,-51,-77,-78,-68,-65,-70,-75,0,0,0
1369,-65,-64,-68,-51,-78,-78,-69,-65,-71,-76,0,0,0
1370,-65,-64,-68,-51,-77,-78,-68,-65,-71,-75,0,0,0
1371,-65,-64,-68,-50,-78,-78,-68,-65,-71,-76,0,0,0
1372,-65,-64,-68,-51,-77,-78,-68,-65,-71,-76,0,0,0
1373,-65,-64,-68,-51,-77,-78,-68,-65,-71,-76,0,0,0
1374,-64,-64,-67,-51,-77,-78,-67,-65,-71,-76,0,0,0
1375,-65,-64,-67,-51,-78,-78,-69,-65,-71,-76,0,0,0
1376,-100,-64,-67,-51,-79,-78,-68,-65,-71,-76,0,0,0
1377,-65,-64,-67,-52,-78,-78,-69,-65,-70,-76,0,0,0
1378,-65,-64,-67,-51,-77,-78,-67,-65,-71,-77,0,0,0
1379,-65,-64,-67,-51,-78,-78,-68,-65,-71,-77,0,0,0
1380,-65,-64,-67,-51,-79,-78,-69,-65,-71,-77,0,0,0
1381,-65,-64,-67,-51,-78,-78,-68,-65,-71,-76,0,0,0
1382,-65,-65,-67,-51,-78,-79,-68,-65,-71,-77,0,0,0
1383,-64,-64,-67,-51,-77,-79,-69,-65,-71,-76,0,0,0
1384,-65,-64,-67,-51,-79,-78,-69,-65,-71,-76,0,0,0
1385,-64,-64,-67,-51,-75,-78,-68,-65,-71,-76,0,0,0
1386,-65,-64,-67,-51,-77,-79,-70,-65,-71,-77,0,0,0
1387,-64,-64,-67,-51,-76,-80,-68,-65,-71,-76,0,0,0
1388,-65,-64,-67,-51,-76,-78,-69,-65,-70,-77,0,0,0
1389,-65,-64,-67,-51,-76,-79,-69,-65,-71,-77,0,0,0
1390,-65,-64,-68,-52,-77,-79,-69,-65,-71,-76,0,0,0
1391,-65,-64,-68,-51,-77,-78,-68,-65,-71,-76,0,0,0
1392,-65,-64,-68,-52,-76,-78,-68,-65,-70,-77,0,0,0
1393,-65,-64,-68,-51,-77,-79,-69,-65,-71,-77,0,0,0
1394,-65,-64,-67,-51,-75,-79,-69,-65,-70,-77,0,0,0
1395,-65,-64,-68,-51,-76,-79,-68,-65,-70,-77,0,0,0
1396,-65,-64,-67,-51,-76,-79,-69,-65,-71,-78,0,0,0
1397,-65,-64,-68,-51,-77,-79,-68,-65,-71,-77,0,0,0
1398,-65,-64,-67,-51,-76,-78,-68,-65,-71,-76,0,0,0
1399,-65,-65,-67,-52,-76,-78,-68,-65,-70,-77,0,0,0
1400,-64,-64,-67,-51,-77,-78,-68,-65,-70,-77,0,0,0
1401,-65,-64,-68,-52,-77,-78,-68,-65,-70,-77,0,0,0
1402,-65,-64,-67,-51,-76,-79,-67,-65,-71,-76,0,0,0
1403,-65,-64,-67,-52,-76,-79,-69,-65,-70,-76,0,0,0
1404,-65,-64,-67,-51,-76,-79,-68,-65,-70,-77,0,0,0
1405,-64,-64,-67,-52,-75,-79,-68,-65,-70,-77,0,0,0
1406,-65,-64,-67,-51,-76,-79,-69,-65,-71,-76,0,0,0
1407,-65,-64,-67,-51,-77,-79,-69,-65,-70,-77,0,0,0
1408,-65,-64,-68,-51,-77,-79,-68,-65,-70,-76,0,0,0
1409,-65,-64,-68,-51,-76,-80,-69,-65,-70,-76,0,0,0
1410,-65,-64,-68,-51,-75,-79,-69,-65,-70,-76,0,0,0
1411,-65,-64,-68,-51,-75,-79,-69,-65,-70,-75,0,0,0
1412,-65,-64,-67,-51,-76,-79,-67,-65,-70,-76,0,0,0
1413,-65,-64,-67,-52,-76,-79,-69,-65,-70,-77,0,0,0
1414,-65,-64,-68,-51,-76,-79,-68,-65,-70,-77,0,0,0
1415,-64,-64,-67,-51,-75,-79,-68,-65,-70,-77,0,0,0
1416,-65,-64,-67,-51,-75,-80,-68,-65,-71,-77,0,0,0
1417,-64,-64,-67,-52,-74,-79,-69,-65,-70,-76,0,0,0
1418,-64,-64,-68,-51,-75,-79,-68,-65,-70,-76,0,0,0
1419,-64,-64,-68,-51,-75,-79,-67,-65,-70,-76,0,0,0
1420,-64,-64,-68,-52,-76,-78,-69,-65,-70,-76,0,0,0
1421,-64,-64,-68,-51,-76,-79,-68,-65,-70,-76,0,0,0
1422,-64,-64,-69,-51,-76,-79,-68,-65,-70,-76,0,0,0
1423,-64,-64,-69,-51,-75,-79,-68,-65,-70,-76,0,0,0
1424,-64,-64,-70,-51,-75,-79,-70,-65,-70,-76,0,0,0
1425,-64,-64,-71,-51,-74,-79,-68,-65,-71,-76,0,0,0
1426,-64,-64,-72,-51,-73,-79,-69,-65,-71,-76,0,0,0
1427,-64,-64,-73,-51,-73,-80,-70,-65,-72,-76,0,0,0
1428,-64,-64,-74,-51,-72,-80,-71,-66,-71,-76,0,0,0
1429,-64,-65,-74,-50,-71,-79,-71,-66,-72,-76,0,0,0
1430,-64,-65,-73,-51,-71,-79,-72,-67,-71,-76,0,0,0
1431,-64,-65,-71,-51,-71,-78,-74,-67,-70,-76,0,0,0
1432,-64,-65,-65,-51,-70,-78,-76,-67,-70,-76,0,0,0
1433,-64,-66,-64,-51,-71,-78,-76,-68,-69,-76,0,0,0
1434,-64,-67,-62,-52,-71,-76,-79,-68,-69,-76,0,0,0
1435,-64,-67,-60,-52,-73,-75,-80,-68,-69,-77,0,0,0
1436,-64,-66,-59,-52,-76,-74,-76,-66,-68,-77,0,0,0
1437,-65,-64,-62,-52,-79,-74,-76,-65,-68,-80,0,0,0
1438,-66,-62,-67,-52,-80,-76,-76,-64,-70,-80,0,0,0
1439,-66,-60,-64,-51,-79,-78,-75,-65,-70,-80,0,0,0
1440,-65,-59,-60,-51,-78,-77,-79,-67,-70,-80,0,0,0
1441,-64,-60,-61,-49,-82,-73,-81,-68,-66,-77,0,0,0
1442,-64,-61,-65,-54,-86,-72,-81,-67,-65,-74,0,0,0
1443,-66,-62,-68,-56,-77,-75,-71,-66,-69,-72,0,0,0
1444,-66,-61,-65,-53,-73,-72,-70,-65,-69,-76,0,0,0
1445,-65,-57,-62,-57,-72,-74,-79,-67,-68,-77,0,0,0
1446,-66,-60,-80,-51,-72,-74,-79,-68,-70,-77,0,0,0
1447,-70,-59,-63,-54,-67,-74,-76,-69,-70,-82,0,0,0
1448,-70,-58,-65,-50,-66,-72,-67,-72,-75,-84,0,0,0
1449,-71,-63,-65,-50,-66,-78,-68,-67,-68,-85,0,0,0
1450,-75,-60,-73,-52,-66,-74,-67,-71,-100,-73,0,0,0
1451,-72,-70,-67,-52,-72,-69,-71,-73,-69,-74,0,0,0
1452,-69,-60,-71,-50,-69,-69,-75,-76,-78,-75,0,0,0
1453,-81,-63,-65,-51,-73,-72,-77,-77,-73,-74,0,0,0
1454,-100,-63,-62,-62,-71,-78,-69,-79,-69,-76,0,0,0
1455,-75,-61,-65,-53,-72,-75,-63,-77,-70,-71,0,0,0
1456,-73,-60,-63,-55,-81,-71,-65,-83,-68,-71,0,0,0
1457,-62,-57,-65,-62,-76,-73,-62,-75,-66,-73,0,0,0
1458,-65,-62,-62,-65,-71,-73,-61,-71,-69,-75,0,0,0
1459,-69,-60,-70,-56,-74,-75,-65,-67,-68,-78,0,0,0
1460,-70,-60,-65,-58,-69,-75,-67,-70,-69,-100,0,0,0
1461,-61,-62,-58,-62,-66,-70,-66,-64,-67,-71,0,0,0
1462,-64,-62,-68,-62,-68,-79,-66,-65,-67,-73,0,0,0
1463,-63,-60,-65,-63,-70,-67,-67,-66,-68,-87,0,0,0
1464,-64,-64,-67,-56,-71,-73,-67,-66,-69,-77,0,0,0
1465,-76,-64,-68,-80,-73,-71,-63,-69,-72,-73,0,0,0
1466,-100,-62,-64,-60,-72,-75,-67,-72,-75,-76,0,0,0
1467,-74,-64,-62,-62,-63,-73,-67,-69,-74,-67,0,0,0
1468,-70,-54,-68,-64,-62,-76,-68,-69,-76,-67,0,0,0
1469,-65,-62,-65,-70,-68,-72,-67,-70,-66,-69,0,0,0
1470,-62,-58,-63,-62,-65,-66,-66,-71,-65,-100,0,0,0
1471,-61,-68,-65,-69,-72,-69,-64,-76,-59,-73,0,0,0
1472,-57,-63,-65,-65,-100,-66,-76,-74,-60,-87,0,0,0
1473,-56,-59,-75,-70,-69,-72,-58,-64,-59,-69,0,0,0
1474,-63,-56,-75,-70,-67,-75,-68,-63,-67,-78,0,0,0
1475,-71,-59,-73,-74,-71,-72,-64,-62,-66,-72,0,0,0
1476,-63,-57,-74,-75,-68,-70,-61,-100,-67,-71,0,0,0
1477,-68,-57,-77,-100,-66,-71,-73,-67,-61,-67,0,0,0
1478,-57,-59,-70,-66,-64,-69,-73,-65,-58,-72,0,0,0
1479,-63,-62,-76,-77,-65,-64,-67,-65,-61,-64,0,0,0
1480,-75,-65,-67,-64,-87,-77,-84,-65,-67,-70,0,0,0
1481,-67,-52,-69,-72,-76,-63,-65,-64,-64,-77,0,0,0
1482,-57,-55,-75,-74,-69,-60,-81,-64,-67,-70,0,0,0
1483,-67,-54,-77,-100,-79,-65,-70,-66,-68,-65,0,0,0
1484,-61,-55,-78,-78,-73,-64,-65,-100,-71,-67,0,0,0
1485,-58,-52,-71,-74,-63,-62,-64,-66,-76,-66,0,0,0
1486,-66,-52,-67,-74,-65,-64,-58,-66,-62,-72,0,0,0
1487,-63,-49,-80,-72,-62,-67,-65,-66,-60,-75,0,0,0
1488,-66,-55,-71,-79,-60,-66,-68,-68,-68,-67,0,0,0
1489,-57,-52,-71,-73,-65,-62,-74,-69,-67,-73,0,0,0
1490,-66,-54,-100,-74,-58,-64,-65,-64,-64,-69,0,0,0
1491,-56,-59,-79,-79,-66,-77,-65,-62,-76,-81,0,0,0
1492,-64,-62,-74,-75,-60,-69,-71,-64,-67,-75,0,0,0
1493,-55,-60,-87,-71,-65,-64,-74,-79,-70,-78,0,0,0
1494,-56,-57,-78,-73,-61,-63,-63,-69,-66,-68,0,0,0
1495,-55,-57,-74,-77,-55,-65,-67,-64,-57,-64,0,0,0
1496,-61,-67,-72,-76,-60,-67,-64,-64,-67,-64,0,0,0
1497,-62,-60,-76,-78,-58,-60,-64,-67,-64,-67,0,0,0
1498,-64,-65,-77,-91,-63,-62,-61,-66,-64,-69,0,0,0
1499,-68,-57,-74,-75,-52,-60,-68,-70,-63,-64,0,0,0
1500,-58,-68,-76,-80,-51,-61,-62,-63,-69,-65,0,0,0
1501,-64,-69,-77,-70,-61,-100,-62,-72,-64,-59,0,0,0
1502,-64,-65,-80,-76,-56,-62,-59,-80,-58,-64,0,0,0
1503,-77,-60,-83,-75,-60,-62,-64,-74,-64,-62,0,0,0
1504,-60,-67,-77,-81,-63,-59,-66,-69,-68,-64,0,0,0
1505,-63,-69,-75,-70,-64,-55,-74,-64,-70,-70,0,0,0
1506,-66,-62,-82,-75,-63,-62,-61,-75,-71,-61,0,0,0
1507,-67,-81,-77,-74,-54,-57,-62,-60,-56,-63,0,0,0
1508,-66,-62,-71,-81,-70,-55,-66,-61,-65,-70,0,1,0
1509,-76,-63,-84,-100,-60,-58,-65,-65,-72,-70,0,1,0
1510,-64,-64,-82,-81,-64,-54,-71,-85,-65,-63,0,1,0
1511,-66,-62,-74,-79,-54,-59,-59,-64,-76,-63,0,1,0
1512,-72,-67,-71,-72,-65,-60,-64,-63,-68,-66,0,1,0
1513,-64,-60,-80,-80,-71,-59,-57,-64,-64,-68,0,1,0
1514,-63,-67,-78,-74,-73,-67,-64,-68,-62,-68,0,1,0
1515,-72,-100,-100,-100,-100,-67,-58,-68,-100,-66,0,1,0
1516,-67,-72,-79,-100,-59,-62,-62,-62,-63,-70,0,1,0
1517,-69,-68,-81,-76,-60,-61,-63,-64,-62,-73,0,1,0
1518,-64,-72,-78,-100,-58,-59,-64,-64,-60,-62,0,1,0
1519,-64,-73,-79,-100,-61,-62,-62,-75,-68,-66,0,1,0
1520,-70,-75,-77,-80,-64,-67,-62,-65,-76,-62,0,1,0
1521,-65,-71,-80,-81,-59,-62,-63,-65,-60,-67,0,1,0
1522,-64,-82,-82,-78,-60,-62,-61,-65,-60,-65,0,1,0
1523,-66,-75,-81,-87,-62,-62,-71,-62,-61,-74,0,1,0
1524,-81,-82,-85,-83,-64,-63,-59,-67,-61,-74,0,1,0
1525,-71,-68,-84,-78,-60,-65,-59,-62,-57,-71,0,1,0
1526,-79,-71,-100,-87,-55,-64,-66,-68,-66,-67,0,1,0
1527,-83,-71,-100,-83,-59,-60,-62,-62,-60,-63,0,1,0
1528,-100,-73,-81,-75,-61,-67,-63,-79,-60,-68,0,1,0
1529,-75,-71,-77,-75,-62,-64,-64,-64,-58,-78,0,1,0
1530,-71,-82,-86,-79,-66,-64,-100,-74,-63,-69,0,1,0
1531,-73,-74,-80,-80,-72,-59,-62,-69,-64,-66,0,1,0
1532,-77,-80,-81,-79,-85,-69,-60,-60,-62,-65,0,1,0
1533,-84,-69,-78,-100,-78,-69,-63,-61,-65,-73,0,1,0
1534,-73,-71,-79,-78,-64,-66,-59,-61,-57,-64,0,1,0
1535,-82,-72,-77,-83,-61,-68,-65,-69,-67,-72,0,1,0
1536,-76,-71,-100,-81,-62,-70,-62,-63,-71,-74,0,1,1
1537,-72,-80,-100,-100,-73,-67,-62,-71,-64,-64,1,0,1
1538,-70,-75,-76,-79,-69,-65,-67,-69,-67,-69,1,0,1
1539,-77,-74,-100,-83,-71,-70,-61,-61,-59,-70,1,0,1
1540,-80,-73,-76,-75,-62,-79,-63,-68,-76,-69,1,0,1
1541,-79,-71,-80,-86,-71,-66,-62,-72,-72,-74,1,0,1
1542,-77,-73,-78,-100,-67,-74,-67,-71,-65,-75,1,0,1
1543,-82,-100,-82,-81,-69,-73,-57,-61,-74,-75,1,0,1
1544,-77,-73,-82,-82,-100,-73,-60,-62,-64,-68,1,0,1
1545,-72,-74,-100,-80,-77,-71,-64,-65,-65,-70,1,0,1
1546,-75,-68,-100,-78,-76,-74,-79,-68,-69,-76,1,0,1
1547,-72,-69,-76,-83,-63,-67,-62,-65,-64,-80,1,0,1
1548,-73,-73,-77,-77,-62,-70,-66,-58,-61,-77,1,0,1
1549,-77,-80,-100,-75,-65,-68,-57,-64,-63,-77,1,0,0
1550,-77,-81,-82,-74,-70,-77,-56,-66,-71,-65,1,0,0
1551,-77,-85,-78,-100,-70,-70,-64,-70,-65,-68,1,0,1
1552,-82,-85,-74,-74,-61,-73,-59,-68,-71,-69,1,0,1
1553,-83,-78,-100,-100,-66,-67,-56,-66,-69,-76,1,0,1
1554,-72,-71,-87,-82,-66,-69,-55,-60,-68,-68,1,0,1
1555,-82,-70,-100,-78,-70,-69,-56,-62,-72,-74,1,0,1
1556,-78,-69,-77,-82,-74,-72,-59,-69,-100,-71,1,0,1
1557,-80,-71,-100,-83,-77,-67,-61,-69,-69,-72,1,0,1
1558,-84,-71,-78,-84,-67,-100,-58,-63,-68,-76,1,0,1
1559,-76,-70,-82,-100,-65,-77,-60,-62,-69,-72,1,0,1
1560,-83,-73,-79,-86,-66,-73,-55,-74,-69,-71,1,0,1
1561,-83,-72,-72,-100,-68,-76,-53,-64,-70,-69,1,0,1
1562,-100,-100,-100,-100,-66,-69,-55,-63,-100,-100,1,0,1
1563,-86,-75,-77,-80,-65,-69,-56,-69,-62,-80,1,0,1
1564,-73,-80,-85,-100,-71,-70,-54,-71,-71,-71,1,0,1
1565,-88,-86,-78,-82,-73,-68,-55,-67,-73,-76,1,0,1
1566,-79,-82,-77,-100,-73,-71,-65,-100,-68,-75,1,0,1
1567,-100,-74,-81,-83,-71,-70,-55,-100,-66,-70,1,0,1
1568,-78,-70,-100,-83,-74,-69,-63,-64,-74,-75,1,0,1
1569,-80,-76,-88,-100,-65,-69,-60,-68,-69,-70,1,0,1
1570,-100,-80,-81,-100,-69,-71,-54,-70,-72,-100,1,0,1
1571,-73,-72,-76,-78,-66,-77,-52,-65,-65,-71,1,0,1
1572,-100,-69,-78,-81,-67,-76,-51,-67,-72,-73,1,0,1
1573,-100,-100,-100,-86,-70,-69,-53,-66,-75,-72,1,0,0
1574,-74,-77,-81,1,-78,-71,-55,-63,-75,-84,1,0,0
1575,-85,-76,-100,-100,-64,-79,-56,-70,-76,-74,1,0,1
1576,-77,-71,-80,-80,-69,-73,-55,-68,-78,-82,1,0,1
1577,-77,-77,-77,-83,-72,-65,-63,-71,-68,-73,1,0,1
1578,-76,-72,-78,-78,-65,-65,-56,-68,-100,-72,1,0,1
1579,-85,-72,-83,-86,-65,-67,-57,-73,-70,-77,1,0,1
1580,-81,-68,-78,-80,-70,-69,-54,-72,-72,-74,1,0,1
1581,-80,-69,-78,-80,-71,-86,-53,-69,-68,-75,1,0,1
1582,-88,-72,-81,-79,-64,-78,-53,-64,-70,-67,1,0,1
1583,-86,-74,-81,-79,-66,-77,-51,-66,-73,-100,1,0,1
1584,-79,-79,-80,-100,-86,-77,-50,-68,-62,-65,2,0,0
1585,-79,-71,-100,-100,-73,-74,-53,-65,-81,-76,2,0,0
1586,-81,-78,-77,-100,-64,-69,-54,-64,-68,-72,2,0,0
1587,-100,-72,-80,-81,-72,-80,-51,-72,-66,-66,2,0,0
1588,-77,-78,-81,-100,-61,-82,-49,-64,-71,-77,2,0,0
1589,-100,-71,-89,-85,-64,-71,-51,-64,-64,-66,2,0,0
1590,-86,-69,-81,-77,-63,-68,-52,-69,-66,-77,2,0,0
1591,-81,-78,-85,-100,-62,-66,-53,-69,-76,-68,2,0,0
1592,-78,-74,-76,-76,-66,-69,-55,-66,-69,-70,2,0,0
1593,-74,-87,-82,-74,-63,-71,-54,-63,-67,-70,2,0,0
1594,-75,-83,-79,-75,-64,-72,-52,-62,-68,-71,2,0,0
1595,-75,-83,-80,-76,-64,-72,-52,-62,-68,-72,2,0,0
1596,-74,-100,-80,-76,-63,-71,-54,-62,-67,-70,2,0,0
1597,-74,-100,-80,-76,-62,-70,-53,-63,-68,-70,2,0,0
1598,-74,-100,-79,-76,-62,-71,-54,-64,-68,-71,2,0,0
1599,-74,-100,-80,-76,-62,-71,-53,-64,-68,-71,2,0,0
1600,-74,-100,-80,-75,-63,-71,-54,-64,-68,-71,2,0,0
1601,-74,-100,-80,-76,-63,-70,-53,-63,-69,-72,2,0,0
1602,-74,-100,-80,-75,-62,-71,-55,-64,-68,-72,2,0,0
1603,-74,-100,-79,-76,-62,-71,-54,-63,-69,-71,2,0,0
1604,-73,-100,-79,-76,-62,-71,-54,-63,-68,-72,2,0,0
1605,-74,-100,-79,-76,-62,-71,-54,-63,-69,-72,2,0,0
1606,-74,-100,-78,-75,-62,-71,-55,-63,-69,-71,2,0,0
1607,-73,-100,-79,-76,-62,-71,-54,-63,-69,-71,2,0,0
1608,-74,-100,-80,-75,-62,-71,-54,-64,-69,-73,2,0,0
1609,-74,-100,-79,-75,-62,-71,-54,-63,-68,-72,2,0,0
1610,-74,-100,-79,-75,-62,-71,-55,-63,-68,-72,2,0,0
1611,-74,-100,-79,-76,-62,-72,-53,-63,-68,-72,2,0,0
1612,-74,-100,-80,-76,-62,-72,-54,-63,-68,-72,2,0,0
1613,-74,-100,-80,-75,-63,-72,-54,-63,-69,-72,2,0,0
1614,-74,-100,-79,-75,-63,-71,-53,-63,-69,-72,2,0,0
1615,-74,-100,-79,-75,-63,-71,-53,-64,-69,-72,2,0,0
1616,-74,-100,-80,-75,-63,-71,-53,-100,-69,-71,2,0,0
1617,-74,-100,-80,-75,-63,-71,-54,-64,-68,-71,2,0,0
1618,-74,-100,-80,-76,-63,-71,-53,-63,-69,-72,2,0,0
1619,-74,-100,-80,-75,-63,-72,-55,-64,-69,-72,2,0,0
1620,-74,-100,-80,-75,-63,-71,-53,-64,-68,-71,2,0,0
1621,-74,-100,-80,-75,-63,-71,-54,-64,-68,-72,2,0,0
1622,-74,-100,-81,-75,-63,-71,-54,-63,-69,-72,2,0,0
1623,-74,-100,-80,-75,-62,-71,-54,-64,-69,-71,2,0,0
1624,-74,-100,-80,-75,-63,-71,-54,-63,-69,-71,2,0,0
1625,-74,-100,-79,-75,-63,-71,-55,-64,-69,-72,2,0,0
1626,-74,-100,-80,-75,-63,-70,-54,-63,-70,-72,2,0,0
1627,-74,-100,-79,-75,-63,-71,-55,-63,-69,-71,2,0,0
1628,-100,-100,-100,-100,-63,-100,-53,-63,-100,-71,2,0,0
1629,-74,-100,-80,-76,-63,-71,-53,-63,-69,-71,2,0,0
1630,-74,-100,-79,-75,-63,-72,-54,-63,-70,-72,2,0,0
1631,-74,-85,-80,-75,-63,-71,-53,-63,-69,-71,2,0,0
1632,-74,-86,-80,-76,-63,-71,-53,-63,-70,-71,2,0,0
1633,-74,-86,-80,-75,-63,-71,-54,-63,-69,-70,2,0,0
1634,-74,-100,-80,-75,-63,-71,-54,-63,-69,-71,2,0,0
1635,-74,-100,-80,-76,-63,-71,-53,-62,-69,-71,2,0,0
1644,-100,-84,-100,-100,-100,-100,-100,-100,-100,-100,2,0,0
